seed,baseline,throughput_total_mbps,urllc_latency_mean_ms,urllc_latency_p95_ms,urllc_latency_p99_ms,sla_violation_pct,jain_fairness,pdr_pct,action_churn_per_s,unsafe_actions_applied,queue_peak_depth,energy_efficiency_index
1001,B0,101.7,118.02,221.36,241.53,91.79,0.9848,93.83,4.8,12,623,1.0
1002,B0,96.11,110.48,221.89,241.9,88.67,0.9823,90.28,4.8,12,587,1.0
1003,B0,101.89,110.99,211.99,241.96,93.18,0.9909,95.54,4.8,12,546,1.0
1004,B0,98.98,110.58,221.92,251.63,87.24,0.974,91.47,4.8,12,683,1.0
1005,B0,97.29,131.11,221.75,251.34,92.37,0.9851,90.12,4.8,12,729,1.0
1006,B0,102.74,134.42,231.49,261.49,93.33,0.9746,95.1,4.8,12,640,1.0
1007,B0,97.48,120.01,211.96,241.9,92.59,0.9715,91.1,4.8,12,606,1.0
1008,B0,102.7,131.16,221.96,256.46,92.76,0.9837,94.73,4.8,12,639,1.0
1009,B0,101.86,136.69,221.93,251.67,93.47,0.9785,93.35,4.8,12,633,1.0
1010,B0,101.8,124.76,221.49,241.79,93.14,0.9674,93.31,4.8,12,613,1.0
1011,B0,95.89,113.08,221.93,251.84,91.04,0.9818,88.87,4.8,12,627,1.0
1012,B0,101.11,122.4,221.78,251.77,92.76,0.9899,94.09,4.8,12,706,1.0
1013,B0,97.47,116.24,221.36,241.81,92.07,0.9784,89.75,4.8,12,680,1.0
1014,B0,102.7,118.45,221.77,251.81,90.9,0.987,94.62,4.8,12,651,1.0
1015,B0,100.91,127.77,221.91,241.92,92.69,0.9903,93.9,4.8,12,713,1.0
1016,B0,104.43,140.13,231.38,251.7,93.33,0.9784,95.22,4.8,12,655,1.0
1017,B0,94.24,110.63,221.95,251.44,91.35,0.9719,88.13,4.8,12,629,1.0
1018,B0,97.88,111.89,211.76,241.89,92.42,0.9756,90.78,4.8,12,616,1.0
1019,B0,102.74,116.49,221.36,241.8,91.28,0.9808,93.85,4.8,12,593,1.0
1020,B0,103.13,131.89,221.79,251.4,92.56,0.9828,95.25,4.8,12,728,1.0
1021,B0,102.58,131.53,231.39,251.94,93.77,0.9691,94.02,4.8,12,597,1.0
1022,B0,100.41,124.92,221.57,241.87,93.28,0.9842,93.28,4.8,12,530,1.0
1023,B0,101.2,136.74,231.39,251.78,92.77,0.9763,93.14,4.8,12,610,1.0
1024,B0,95.9,113.12,221.59,241.63,91.53,0.9659,87.79,4.8,12,607,1.0
1025,B0,95.47,118.77,211.89,241.48,91.9,0.9803,87.67,4.8,12,632,1.0
1026,B0,95.56,123.21,221.84,251.66,91.95,0.9657,87.64,4.8,12,686,1.0
1027,B0,103.12,110.05,211.89,241.38,92.03,0.9859,94.93,4.8,12,672,1.0
1028,B0,98.94,121.74,221.79,251.35,91.63,0.9853,92.23,4.8,12,607,1.0
1029,B0,102.18,126.02,221.82,241.99,93.94,0.9793,94.8,4.8,12,632,1.0
1030,B0,100.41,127.01,231.84,261.32,89.99,0.9766,93.32,4.8,12,660,1.0
1001,B1,103.65,2.02,2.36,11.57,1.58,0.9969,97.98,5.0,0,240,1.03
1002,B1,99.35,1.85,2.35,2.39,0.0,0.9924,94.68,5.0,0,236,1.03
1003,B1,103.27,1.86,2.35,2.39,0.0,0.9969,98.2,5.0,0,189,1.03
1004,B1,101.39,2.27,2.38,11.91,3.38,0.9969,96.71,5.0,0,343,1.03
1005,B1,101.0,1.85,2.34,2.39,0.0,0.9966,95.83,5.0,0,364,1.03
1006,B1,104.21,3.99,21.64,41.99,7.84,0.9968,99.25,5.0,0,280,1.03
1007,B1,99.67,2.33,2.39,11.98,3.88,0.9922,95.47,5.0,0,242,1.03
1008,B1,103.71,2.01,2.36,11.56,1.49,0.9974,99.03,5.0,0,247,1.03
1009,B1,102.73,2.23,2.38,11.87,3.2,0.9974,98.06,5.0,0,209,1.03
1010,B1,103.37,8.42,51.86,131.87,8.83,0.9972,97.84,5.0,0,254,1.03
1011,B1,99.0,1.85,2.35,2.39,0.0,0.9958,94.55,5.0,0,281,1.03
1012,B1,102.77,1.85,2.35,2.39,0.0,0.9971,97.65,5.0,0,329,1.03
1013,B1,100.77,2.07,2.37,11.73,2.15,0.9962,95.63,5.0,0,305,1.03
1014,B1,103.75,2.78,11.56,21.79,6.62,0.9977,98.41,5.0,0,264,1.03
1015,B1,103.06,1.85,2.34,2.39,0.0,0.9973,97.52,5.0,0,320,1.03
1016,B1,105.41,1.85,2.34,2.39,0.0,0.9963,99.42,5.0,0,245,1.03
1017,B1,97.78,1.85,2.35,2.39,0.0,0.9891,93.31,5.0,0,280,1.03
1018,B1,101.31,3.19,11.78,21.83,10.64,0.9971,96.21,5.0,0,243,1.03
1019,B1,103.6,1.85,2.35,2.39,0.0,0.9977,98.0,5.0,0,218,1.03
1020,B1,104.5,1.85,2.34,2.39,0.0,0.9972,99.1,5.0,0,316,1.03
1021,B1,103.77,4.12,21.52,51.52,9.3,0.997,98.98,5.0,0,214,1.03
1022,B1,103.02,1.85,2.34,2.39,0.0,0.9965,97.93,5.0,0,157,1.03
1023,B1,103.1,1.85,2.34,2.39,0.01,0.9961,98.4,5.0,0,211,1.03
1024,B1,99.98,3.12,11.66,31.85,6.14,0.9943,94.61,5.0,0,265,1.03
1025,B1,99.75,2.87,11.6,21.88,6.83,0.9956,94.87,5.0,0,258,1.03
1026,B1,99.37,3.46,11.89,31.46,10.45,0.9957,94.73,5.0,0,305,1.03
1027,B1,104.16,2.27,2.39,11.89,3.84,0.9964,98.6,5.0,0,314,1.03
1028,B1,102.25,1.85,2.35,2.39,0.0,0.9967,96.82,5.0,0,231,1.03
1029,B1,104.03,3.98,21.55,51.47,7.83,0.9972,98.19,5.0,0,288,1.03
1030,B1,101.99,3.48,11.82,41.56,8.28,0.9961,97.4,5.0,0,281,1.03
1001,B2,71.03,1.85,2.35,2.39,0.0,0.9743,69.39,0.0,0,400,1.08
1002,B2,68.33,1.85,2.34,2.39,0.0,0.9514,67.73,0.0,0,400,1.08
1003,B2,74.77,1.86,2.35,2.39,0.0,0.9761,72.73,0.0,0,400,1.08
1004,B2,63.15,1.85,2.35,2.39,0.0,0.9609,63.11,0.0,0,400,1.08
1005,B2,61.35,1.85,2.35,2.39,0.0,0.9572,60.9,0.0,0,400,1.08
1006,B2,71.61,1.85,2.34,2.39,0.0,0.9792,70.12,0.0,0,400,1.08
1007,B2,69.75,1.85,2.34,2.39,0.0,0.9618,68.71,0.0,0,400,1.08
1008,B2,71.64,1.85,2.34,2.39,0.0,0.9787,70.27,0.0,0,400,1.08
1009,B2,71.12,1.85,2.35,2.39,0.0,0.9774,68.93,0.0,0,400,1.08
1010,B2,70.97,1.85,2.35,2.39,0.0,0.9714,69.68,0.0,0,400,1.08
1011,B2,65.37,1.85,2.35,2.39,0.0,0.9489,64.9,0.0,0,400,1.08
1012,B2,65.14,1.85,2.34,2.39,0.0,0.9694,64.1,0.0,0,400,1.08
1013,B2,64.86,1.85,2.35,2.39,0.0,0.9606,64.07,0.0,0,400,1.08
1014,B2,67.54,1.85,2.35,2.39,0.0,0.9763,66.4,0.0,0,400,1.08
1015,B2,65.19,1.85,2.35,2.39,0.0,0.9679,64.45,0.0,0,400,1.08
1016,B2,71.14,1.85,2.34,2.39,0.0,0.987,69.31,0.0,0,400,1.08
1017,B2,63.19,1.85,2.35,2.39,0.0,0.9459,63.2,0.0,0,400,1.08
1018,B2,66.86,1.85,2.34,2.39,0.0,0.9673,65.79,0.0,0,400,1.08
1019,B2,72.46,1.85,2.35,2.39,0.0,0.9767,69.91,0.0,0,400,1.08
1020,B2,67.57,1.85,2.34,2.39,0.0,0.982,66.45,0.0,0,400,1.08
1021,B2,73.31,1.85,2.34,2.39,0.0,0.9802,71.67,0.0,0,400,1.08
1022,B2,72.99,1.85,2.34,2.39,0.0,0.9772,71.57,0.0,0,400,1.08
1023,B2,72.33,1.85,2.34,2.39,0.0,0.977,71.29,0.0,0,400,1.08
1024,B2,65.61,1.85,2.34,2.39,0.0,0.9531,64.53,0.0,0,400,1.08
1025,B2,64.41,1.85,2.35,2.39,0.0,0.9489,63.56,0.0,0,400,1.08
1026,B2,62.98,1.85,2.34,2.39,0.0,0.955,62.94,0.0,0,400,1.08
1027,B2,68.13,1.85,2.34,2.39,0.0,0.9737,66.95,0.0,0,400,1.08
1028,B2,69.5,1.85,2.34,2.39,0.0,0.9679,68.27,0.0,0,400,1.08
1029,B2,68.78,1.85,2.35,2.39,0.0,0.9754,67.21,0.0,0,400,1.08
1030,B2,68.11,1.85,2.35,2.39,0.0,0.9726,67.43,0.0,0,400,1.08
1001,B3,91.92,1.85,2.34,2.39,0.0,0.9933,87.45,10.0,0,400,1.145
1002,B3,86.77,1.84,2.34,2.39,0.0,0.9793,83.1,10.0,0,379,1.145
1003,B3,93.66,1.85,2.35,2.39,0.0,0.9941,89.59,10.0,0,394,1.145
1004,B3,84.6,1.85,2.34,2.39,0.0,0.993,81.95,10.0,0,400,1.145
1005,B3,83.19,1.85,2.34,2.39,0.0,0.9893,79.49,10.0,0,400,1.145
1006,B3,92.11,1.85,2.35,2.39,0.0,0.9972,87.92,10.0,0,400,1.145
1007,B3,89.24,1.84,2.34,2.39,0.0,0.9817,85.98,10.0,0,387,1.145
1008,B3,92.94,1.85,2.35,2.39,0.0,0.9969,87.98,10.0,0,400,1.145
1009,B3,92.96,1.85,2.34,2.39,0.0,0.9913,87.99,10.0,0,400,1.145
1010,B3,91.87,1.85,2.34,2.39,0.0,0.9924,86.92,10.0,0,400,1.145
1011,B3,84.88,1.85,2.34,2.39,0.0,0.9824,81.84,10.0,0,400,1.145
1012,B3,87.89,1.85,2.34,2.39,0.0,0.9949,83.12,10.0,0,400,1.145
1013,B3,85.81,1.85,2.34,2.39,0.0,0.9865,81.81,10.0,0,400,1.145
1014,B3,90.18,1.85,2.34,2.39,0.0,0.9946,85.88,10.0,0,400,1.145
1015,B3,87.09,1.85,2.34,2.39,0.0,0.996,82.87,10.0,0,400,1.145
1016,B3,93.42,1.85,2.34,2.39,0.0,0.997,88.61,10.0,0,400,1.145
1017,B3,83.74,1.85,2.35,2.39,0.0,0.9763,80.69,10.0,0,400,1.145
1018,B3,87.84,1.85,2.35,2.39,0.0,0.9874,84.22,10.0,0,400,1.145
1019,B3,93.09,1.85,2.34,2.39,0.0,0.994,88.19,10.0,0,400,1.145
1020,B3,90.6,1.84,2.34,2.39,0.0,0.9976,86.53,10.0,0,400,1.145
1021,B3,93.75,1.85,2.35,2.39,0.0,0.9952,89.15,10.0,0,400,1.145
1022,B3,92.85,1.85,2.34,2.39,0.0,0.9907,89.04,10.0,0,395,1.145
1023,B3,92.7,1.86,2.34,2.39,0.0,0.9919,88.96,10.0,0,400,1.145
1024,B3,85.61,1.86,2.35,2.39,0.0,0.9813,82.14,10.0,0,400,1.145
1025,B3,84.34,1.85,2.35,2.39,0.0,0.9845,80.87,10.0,0,400,1.145
1026,B3,83.95,1.85,2.35,2.39,0.0,0.9832,80.6,10.0,0,400,1.145
1027,B3,90.08,1.85,2.34,2.39,0.0,0.9969,85.47,10.0,0,400,1.145
1028,B3,89.93,1.84,2.35,2.39,0.0,0.9896,85.53,10.0,0,400,1.145
1029,B3,90.64,1.86,2.35,2.39,0.0,0.9955,86.32,10.0,0,400,1.145
1030,B3,90.26,1.85,2.35,2.39,0.0,0.9913,86.02,10.0,0,400,1.145
