seed,variant,throughput_mbps,latency_mean_ms,latency_p95_ms,latency_p99_ms,sla_violation_pct,jain_fairness,pdr_pct,action_churn_per_s,unsafe_actions_applied,queue_peak_depth
1001,A0_Full_HRDL,91.92,1.85,2.34,2.39,0.0,0.9933,87.45,10.0,0,400
1002,A0_Full_HRDL,86.77,1.84,2.34,2.39,0.0,0.9793,83.1,10.0,0,379
1003,A0_Full_HRDL,93.66,1.85,2.35,2.39,0.0,0.9941,89.59,10.0,0,394
1004,A0_Full_HRDL,84.6,1.85,2.34,2.39,0.0,0.993,81.95,10.0,0,400
1005,A0_Full_HRDL,83.19,1.85,2.34,2.39,0.0,0.9893,79.49,10.0,0,400
1006,A0_Full_HRDL,92.11,1.85,2.35,2.39,0.0,0.9972,87.92,10.0,0,400
1007,A0_Full_HRDL,89.24,1.84,2.34,2.39,0.0,0.9817,85.98,10.0,0,387
1008,A0_Full_HRDL,92.94,1.85,2.35,2.39,0.0,0.9969,87.98,10.0,0,400
1009,A0_Full_HRDL,92.96,1.85,2.34,2.39,0.0,0.9913,87.99,10.0,0,400
1010,A0_Full_HRDL,91.87,1.85,2.34,2.39,0.0,0.9924,86.92,10.0,0,400
1011,A0_Full_HRDL,84.88,1.85,2.34,2.39,0.0,0.9824,81.84,10.0,0,400
1012,A0_Full_HRDL,87.89,1.85,2.34,2.39,0.0,0.9949,83.12,10.0,0,400
1013,A0_Full_HRDL,85.81,1.85,2.34,2.39,0.0,0.9865,81.81,10.0,0,400
1014,A0_Full_HRDL,90.18,1.85,2.34,2.39,0.0,0.9946,85.88,10.0,0,400
1015,A0_Full_HRDL,87.09,1.85,2.34,2.39,0.0,0.996,82.87,10.0,0,400
1016,A0_Full_HRDL,93.42,1.85,2.34,2.39,0.0,0.997,88.61,10.0,0,400
1017,A0_Full_HRDL,83.74,1.85,2.35,2.39,0.0,0.9763,80.69,10.0,0,400
1018,A0_Full_HRDL,87.84,1.85,2.35,2.39,0.0,0.9874,84.22,10.0,0,400
1019,A0_Full_HRDL,93.09,1.85,2.34,2.39,0.0,0.994,88.19,10.0,0,400
1020,A0_Full_HRDL,90.6,1.84,2.34,2.39,0.0,0.9976,86.53,10.0,0,400
1021,A0_Full_HRDL,93.75,1.85,2.35,2.39,0.0,0.9952,89.15,10.0,0,400
1022,A0_Full_HRDL,92.85,1.85,2.34,2.39,0.0,0.9907,89.04,10.0,0,395
1023,A0_Full_HRDL,92.7,1.86,2.34,2.39,0.0,0.9919,88.96,10.0,0,400
1024,A0_Full_HRDL,85.61,1.86,2.35,2.39,0.0,0.9813,82.14,10.0,0,400
1025,A0_Full_HRDL,84.34,1.85,2.35,2.39,0.0,0.9845,80.87,10.0,0,400
1026,A0_Full_HRDL,83.95,1.85,2.35,2.39,0.0,0.9832,80.6,10.0,0,400
1027,A0_Full_HRDL,90.08,1.85,2.34,2.39,0.0,0.9969,85.47,10.0,0,400
1028,A0_Full_HRDL,89.93,1.84,2.35,2.39,0.0,0.9896,85.53,10.0,0,400
1029,A0_Full_HRDL,90.64,1.86,2.35,2.39,0.0,0.9955,86.32,10.0,0,400
1030,A0_Full_HRDL,90.26,1.85,2.35,2.39,0.0,0.9913,86.02,10.0,0,400
1001,A1_wo_Memory,91.51,2.13,2.37,11.82,2.52,0.9954,87.19,5.0,0,401
1002,A1_wo_Memory,87.31,1.85,2.35,2.39,0.0,0.9866,84.25,5.0,0,400
1003,A1_wo_Memory,92.91,1.86,2.35,2.39,0.0,0.9957,89.12,5.0,0,400
1004,A1_wo_Memory,86.1,2.69,11.42,21.84,5.55,0.9965,83.69,5.0,0,404
1005,A1_wo_Memory,85.26,1.85,2.35,2.39,0.0,0.9945,81.84,5.0,0,400
1006,A1_wo_Memory,91.78,4.75,31.53,61.79,8.0,0.9978,88.19,5.0,0,413
1007,A1_wo_Memory,88.53,2.45,2.38,21.7,3.81,0.9866,84.99,5.0,0,404
1008,A1_wo_Memory,91.55,2.09,2.37,11.73,2.29,0.9972,87.8,5.0,0,401
1009,A1_wo_Memory,91.65,2.76,11.55,21.78,6.62,0.9932,87.12,5.0,0,404
1010,A1_wo_Memory,91.29,7.65,61.44,111.51,9.25,0.9943,86.96,5.0,0,427
1011,A1_wo_Memory,86.33,1.85,2.35,2.39,0.0,0.9893,83.54,5.0,0,400
1012,A1_wo_Memory,88.28,1.85,2.34,2.39,0.0,0.9971,84.31,5.0,0,400
1013,A1_wo_Memory,86.82,2.04,2.36,11.68,1.75,0.993,83.69,5.0,0,401
1014,A1_wo_Memory,90.03,1.85,2.35,2.39,0.0,0.997,85.95,5.0,0,400
1015,A1_wo_Memory,88.55,2.1,2.37,11.77,2.15,0.998,84.79,5.0,0,402
1016,A1_wo_Memory,91.88,2.12,2.37,11.73,2.42,0.9974,87.68,5.0,0,402
1017,A1_wo_Memory,84.85,1.85,2.35,2.39,0.0,0.983,81.9,5.0,0,400
1018,A1_wo_Memory,88.44,2.33,2.39,11.93,4.35,0.9928,84.96,5.0,0,403
1019,A1_wo_Memory,92.69,1.85,2.34,2.39,0.0,0.9957,87.97,5.0,0,400
1020,A1_wo_Memory,90.34,1.85,2.35,2.39,0.0,0.9975,86.37,5.0,0,400
1021,A1_wo_Memory,93.17,3.68,21.34,31.77,10.62,0.9961,88.84,5.0,0,411
1022,A1_wo_Memory,92.25,1.84,2.34,2.39,0.0,0.9949,88.51,5.0,0,400
1023,A1_wo_Memory,91.7,2.2,2.38,11.85,3.21,0.9948,88.16,5.0,0,401
1024,A1_wo_Memory,87.14,2.26,2.39,11.87,3.78,0.9895,83.3,5.0,0,402
1025,A1_wo_Memory,86.16,2.08,2.37,11.71,2.14,0.9914,82.4,5.0,0,403
1026,A1_wo_Memory,85.46,2.56,11.38,21.58,5.46,0.991,82.42,5.0,0,406
1027,A1_wo_Memory,90.62,1.85,2.35,2.39,0.0,0.9976,86.19,5.0,0,400
1028,A1_wo_Memory,89.82,2.01,2.36,11.58,1.5,0.994,85.99,5.0,0,402
1029,A1_wo_Memory,90.58,3.11,11.72,31.68,6.97,0.9972,86.21,5.0,0,410
1030,A1_wo_Memory,89.46,3.59,21.36,41.42,8.13,0.994,85.89,5.0,0,408
1001,A2_wo_Indirect_Detection,98.56,8.03,31.95,51.96,28.25,0.9936,93.43,5.0,0,343
1002,A2_wo_Indirect_Detection,91.74,1.99,2.35,11.33,1.05,0.98,88.05,5.0,0,294
1003,A2_wo_Indirect_Detection,98.82,3.27,11.88,31.64,8.2,0.9969,94.33,5.0,0,268
1004,A2_wo_Indirect_Detection,93.46,19.18,121.91,191.8,31.53,0.9942,89.02,5.0,0,436
1005,A2_wo_Indirect_Detection,92.62,5.82,31.68,71.87,13.8,0.9905,87.76,5.0,0,417
1006,A2_wo_Indirect_Detection,99.67,16.77,161.59,231.97,19.73,0.9954,94.64,5.0,0,348
1007,A2_wo_Indirect_Detection,94.86,14.42,141.83,191.61,12.44,0.979,90.55,5.0,0,343
1008,A2_wo_Indirect_Detection,100.27,6.72,31.88,61.92,20.89,0.9976,94.82,5.0,0,343
1009,A2_wo_Indirect_Detection,99.02,17.51,101.47,181.95,25.84,0.9916,94.02,5.0,0,427
1010,A2_wo_Indirect_Detection,98.19,16.88,161.48,211.87,24.8,0.9906,92.79,5.0,0,389
1011,A2_wo_Indirect_Detection,90.54,4.27,21.44,31.49,17.18,0.9817,86.71,5.0,0,317
1012,A2_wo_Indirect_Detection,96.63,5.05,31.31,51.5,14.21,0.997,90.85,5.0,0,397
1013,A2_wo_Indirect_Detection,91.91,13.4,71.9,101.61,26.48,0.9878,88.16,5.0,0,389
1014,A2_wo_Indirect_Detection,98.29,6.89,41.83,81.98,14.41,0.9975,93.64,5.0,0,407
1015,A2_wo_Indirect_Detection,95.85,2.71,11.41,21.88,5.58,0.9961,90.75,5.0,0,344
1016,A2_wo_Indirect_Detection,101.78,12.34,41.83,71.86,47.26,0.9969,96.42,5.0,0,430
1017,A2_wo_Indirect_Detection,89.7,5.54,21.81,31.99,22.87,0.9752,85.86,5.0,0,356
1018,A2_wo_Indirect_Detection,94.45,20.64,141.71,201.61,20.16,0.9905,90.03,5.0,0,446
1019,A2_wo_Indirect_Detection,99.74,16.23,101.42,151.58,27.61,0.9949,94.02,5.0,0,352
1020,A2_wo_Indirect_Detection,99.24,6.52,31.98,61.42,18.86,0.9969,94.85,5.0,0,411
1021,A2_wo_Indirect_Detection,100.3,25.74,171.91,211.76,28.51,0.9962,95.07,5.0,0,385
1022,A2_wo_Indirect_Detection,98.57,5.25,21.83,41.52,19.36,0.9929,94.27,5.0,0,365
1023,A2_wo_Indirect_Detection,99.02,11.17,41.93,71.59,40.48,0.9926,94.44,5.0,0,358
1024,A2_wo_Indirect_Detection,91.33,26.32,161.94,221.32,30.09,0.983,87.13,5.0,0,411
1025,A2_wo_Indirect_Detection,90.09,9.84,41.7,61.75,32.26,0.9879,85.89,5.0,0,349
1026,A2_wo_Indirect_Detection,90.97,26.73,161.32,201.68,32.57,0.9847,87.15,5.0,0,459
1027,A2_wo_Indirect_Detection,98.91,6.35,31.69,51.5,20.56,0.9977,93.52,5.0,0,382
1028,A2_wo_Indirect_Detection,95.82,5.59,31.58,51.55,15.97,0.9915,91.67,5.0,0,330
1029,A2_wo_Indirect_Detection,99.27,14.56,141.94,201.89,14.33,0.9966,93.43,5.0,0,412
1030,A2_wo_Indirect_Detection,96.91,17.15,141.83,201.78,19.75,0.9909,92.89,5.0,0,426
1001,A3_wo_TVS_EEVS,102.1,1.85,2.34,2.39,0.0,0.9969,96.49,5.0,0,318
1002,A3_wo_TVS_EEVS,97.23,1.84,2.34,2.39,0.0,0.9917,92.77,5.0,0,293
1003,A3_wo_TVS_EEVS,102.31,1.85,2.35,2.39,0.0,0.9974,96.86,5.0,0,267
1004,A3_wo_TVS_EEVS,98.69,1.95,2.36,2.4,0.92,0.9976,94.09,5.0,0,364
1005,A3_wo_TVS_EEVS,97.89,1.85,2.34,2.39,0.0,0.997,92.95,5.0,0,400
1006,A3_wo_TVS_EEVS,102.1,2.59,11.4,21.66,5.61,0.9967,97.71,5.0,0,307
1007,A3_wo_TVS_EEVS,98.47,1.87,2.34,2.39,0.19,0.9911,94.4,5.0,0,307
1008,A3_wo_TVS_EEVS,102.19,1.85,2.35,2.39,0.0,0.9974,97.39,5.0,0,308
1009,A3_wo_TVS_EEVS,101.93,1.85,2.35,2.39,0.0,0.996,96.97,5.0,0,351
1010,A3_wo_TVS_EEVS,101.49,6.67,51.32,91.49,9.48,0.9965,96.28,5.0,0,333
1011,A3_wo_TVS_EEVS,96.56,1.85,2.35,2.39,0.0,0.9932,92.25,5.0,0,317
1012,A3_wo_TVS_EEVS,101.38,1.85,2.34,2.39,0.0,0.9963,95.21,5.0,0,377
1013,A3_wo_TVS_EEVS,98.78,1.85,2.35,2.39,0.0,0.996,93.44,5.0,0,345
1014,A3_wo_TVS_EEVS,102.39,1.85,2.35,2.39,0.0,0.9972,96.85,5.0,0,400
1015,A3_wo_TVS_EEVS,100.51,1.85,2.34,2.39,0.0,0.9977,95.03,5.0,0,347
1016,A3_wo_TVS_EEVS,104.16,1.85,2.34,2.39,0.0,0.9959,98.15,5.0,0,378
1017,A3_wo_TVS_EEVS,95.59,1.85,2.34,2.39,0.0,0.9873,91.33,5.0,0,344
1018,A3_wo_TVS_EEVS,99.39,1.85,2.35,2.39,0.0,0.9967,94.42,5.0,0,358
1019,A3_wo_TVS_EEVS,102.56,1.85,2.34,2.39,0.0,0.9977,96.9,5.0,0,298
1020,A3_wo_TVS_EEVS,101.87,1.85,2.34,2.39,0.0,0.9962,97.22,5.0,0,393
1021,A3_wo_TVS_EEVS,102.98,1.98,2.36,11.45,1.19,0.9976,97.68,5.0,0,278
1022,A3_wo_TVS_EEVS,101.58,1.85,2.35,2.39,0.0,0.9967,96.89,5.0,0,313
1023,A3_wo_TVS_EEVS,102.59,1.85,2.35,2.39,0.0,0.9958,97.08,5.0,0,312
1024,A3_wo_TVS_EEVS,97.35,2.05,2.36,11.65,1.76,0.9932,92.71,5.0,0,326
1025,A3_wo_TVS_EEVS,97.74,1.85,2.34,2.39,0.0,0.9959,92.27,5.0,0,325
1026,A3_wo_TVS_EEVS,97.68,2.02,2.36,11.62,1.58,0.9954,92.5,5.0,0,369
1027,A3_wo_TVS_EEVS,101.26,1.86,2.35,2.39,0.0,0.9974,96.75,5.0,0,350
1028,A3_wo_TVS_EEVS,100.78,1.85,2.35,2.39,0.0,0.9966,95.28,5.0,0,305
1029,A3_wo_TVS_EEVS,102.15,2.68,11.51,21.65,6.46,0.998,96.71,5.0,0,364
1030,A3_wo_TVS_EEVS,100.47,2.82,11.57,21.83,6.88,0.9958,95.86,5.0,0,363
1001,A4_wo_Safety_Guard,100.87,2.53,11.4,21.36,5.63,0.9978,94.8,3.2,16,381
1002,A4_wo_Safety_Guard,95.52,1.84,2.34,2.39,0.0,0.9936,91.34,3.2,16,340
1003,A4_wo_Safety_Guard,99.93,1.85,2.35,2.39,0.0,0.9973,95.5,3.2,16,344
1004,A4_wo_Safety_Guard,96.09,3.09,11.74,21.92,8.96,0.997,92.11,3.2,16,392
1005,A4_wo_Safety_Guard,95.79,2.56,11.43,21.48,5.88,0.9967,91.24,3.2,16,404
1006,A4_wo_Safety_Guard,100.87,3.35,11.81,31.94,8.0,0.996,95.25,3.2,16,382
1007,A4_wo_Safety_Guard,97.17,2.37,2.39,11.97,4.29,0.9926,93.22,3.2,16,369
1008,A4_wo_Safety_Guard,100.25,3.41,11.85,21.84,12.39,0.9975,95.45,3.2,16,384
1009,A4_wo_Safety_Guard,99.69,2.66,11.53,21.55,6.5,0.9966,94.83,3.2,16,391
1010,A4_wo_Safety_Guard,100.09,6.91,51.42,91.43,12.64,0.9964,94.71,3.2,16,393
1011,A4_wo_Safety_Guard,94.86,1.85,2.35,2.39,0.0,0.9943,90.94,3.2,16,357
1012,A4_wo_Safety_Guard,98.69,1.85,2.34,2.39,0.0,0.9983,92.92,3.2,16,400
1013,A4_wo_Safety_Guard,96.16,3.19,11.78,21.86,10.3,0.9952,91.73,3.2,16,390
1014,A4_wo_Safety_Guard,99.48,2.07,2.37,11.74,2.03,0.997,94.15,3.2,16,402
1015,A4_wo_Safety_Guard,97.38,1.86,2.35,2.39,0.0,0.9973,92.51,3.2,16,390
1016,A4_wo_Safety_Guard,101.41,2.61,11.42,21.7,5.75,0.9964,95.77,3.2,16,404
1017,A4_wo_Safety_Guard,94.18,1.87,2.35,2.39,0.22,0.9898,89.7,3.2,16,387
1018,A4_wo_Safety_Guard,96.77,2.97,11.72,21.77,8.84,0.9971,93.0,3.2,16,401
1019,A4_wo_Safety_Guard,100.56,2.86,11.65,21.42,9.02,0.9974,95.06,3.2,16,397
1020,A4_wo_Safety_Guard,99.48,2.55,11.47,12.0,6.2,0.997,94.57,3.2,16,403
1021,A4_wo_Safety_Guard,100.65,4.89,21.63,41.55,18.68,0.9975,95.67,3.2,16,376
1022,A4_wo_Safety_Guard,100.14,2.31,2.39,11.92,4.34,0.9963,95.44,3.2,16,377
1023,A4_wo_Safety_Guard,100.01,2.93,11.69,21.48,9.75,0.9975,95.49,3.2,16,359
1024,A4_wo_Safety_Guard,95.79,3.52,11.98,31.77,9.58,0.9947,91.46,3.2,16,410
1025,A4_wo_Safety_Guard,96.05,2.07,2.37,11.68,2.13,0.9962,90.77,3.2,16,382
1026,A4_wo_Safety_Guard,95.6,4.78,21.87,41.57,15.05,0.9957,90.88,3.2,16,413
1027,A4_wo_Safety_Guard,99.36,1.98,2.36,11.43,1.19,0.9973,94.29,3.2,16,385
1028,A4_wo_Safety_Guard,98.2,2.04,2.37,11.64,1.87,0.9968,93.65,3.2,16,382
1029,A4_wo_Safety_Guard,99.98,4.36,21.72,51.37,10.5,0.9971,94.47,3.2,16,413
1030,A4_wo_Safety_Guard,98.95,2.95,11.68,21.79,8.58,0.9962,94.13,3.2,16,406
1001,A5_wo_Windowing,83.73,1.95,2.36,2.4,0.88,0.9895,80.2,15.0,0,404
1002,A5_wo_Windowing,80.34,2.03,2.36,11.67,1.64,0.9739,77.73,15.0,0,401
1003,A5_wo_Windowing,88.3,2.18,2.38,11.84,3.08,0.992,84.94,15.0,0,401
1004,A5_wo_Windowing,71.11,1.85,2.35,2.39,0.0,0.9793,69.54,15.0,0,400
1005,A5_wo_Windowing,73.85,1.85,2.34,2.39,0.0,0.984,71.57,15.0,0,400
1006,A5_wo_Windowing,85.06,3.93,21.36,41.65,10.84,0.9946,82.0,15.0,0,410
1007,A5_wo_Windowing,80.24,1.91,2.35,2.39,0.48,0.9749,77.73,15.0,0,404
1008,A5_wo_Windowing,87.68,1.84,2.34,2.39,0.0,0.994,83.89,15.0,0,400
1009,A5_wo_Windowing,81.35,1.88,2.35,2.39,0.21,0.9877,78.02,15.0,0,402
1010,A5_wo_Windowing,83.87,6.69,41.7,71.87,14.72,0.989,80.06,15.0,0,415
1011,A5_wo_Windowing,75.3,1.85,2.34,2.39,0.0,0.9712,73.27,15.0,0,400
1012,A5_wo_Windowing,76.72,1.85,2.34,2.39,0.0,0.9885,74.12,15.0,0,400
1013,A5_wo_Windowing,76.95,3.05,11.75,21.71,10.12,0.9803,74.47,15.0,0,403
1014,A5_wo_Windowing,78.79,1.85,2.34,2.39,0.0,0.9915,76.2,15.0,0,400
1015,A5_wo_Windowing,76.45,1.85,2.35,2.39,0.0,0.9889,73.76,15.0,0,400
1016,A5_wo_Windowing,81.69,1.85,2.34,2.39,0.0,0.9959,78.11,15.0,0,400
1017,A5_wo_Windowing,77.21,2.15,2.37,11.8,2.86,0.9706,74.45,15.0,0,401
1018,A5_wo_Windowing,79.77,2.13,2.37,11.81,2.55,0.9823,76.96,15.0,0,403
1019,A5_wo_Windowing,85.83,1.85,2.34,2.39,0.0,0.9899,81.68,15.0,0,400
1020,A5_wo_Windowing,79.33,3.06,11.73,21.46,11.28,0.9939,76.68,15.0,0,405
1021,A5_wo_Windowing,80.44,1.85,2.35,2.39,0.0,0.9882,77.89,15.0,0,400
1022,A5_wo_Windowing,85.0,1.85,2.34,2.39,0.0,0.9881,82.18,15.0,0,400
1023,A5_wo_Windowing,79.59,2.18,2.38,11.85,2.9,0.9872,77.73,15.0,0,406
1024,A5_wo_Windowing,76.65,1.93,2.35,2.4,0.71,0.9721,74.18,15.0,0,402
1025,A5_wo_Windowing,79.16,1.95,2.35,2.4,0.9,0.9777,76.59,15.0,0,401
1026,A5_wo_Windowing,77.72,3.94,21.43,31.78,12.77,0.9777,75.42,15.0,0,409
1027,A5_wo_Windowing,82.27,1.85,2.34,2.39,0.0,0.9944,78.95,15.0,0,400
1028,A5_wo_Windowing,81.95,1.85,2.35,2.39,0.0,0.9838,79.18,15.0,0,400
1029,A5_wo_Windowing,77.93,2.47,2.38,21.84,3.42,0.989,75.19,15.0,0,405
1030,A5_wo_Windowing,81.96,2.75,2.39,31.55,4.53,0.9893,79.13,15.0,0,408
