time_slot_s,scenario,slice_type,ue_count,traffic_load_mbps,rsrp_dbm,sinr_db,prb_demanded,tx_power_dbm,conflict_flag,conflict_type,rdl_action,sla_met
0.0,baseline,URLLC,32,43.95,-86.78,23.6,84,38.9,0,NONE,NONE_UNMANAGED,1
0.0,rdl_phase1,URLLC,32,32.44,-100.14,6.84,137,31.63,0,NONE,ALLOW_REGULAR,1
0.0,rdl_phase2,URLLC,23,60.43,-101.21,22.89,63,28.51,0,NONE,MARL_ENERGY_EFF_OPT,1
0.2,baseline,eMBB,28,86.35,-108.46,9.67,83,43.0,0,NONE,NONE_UNMANAGED,1
0.2,rdl_phase1,eMBB,23,32.93,-94.54,18.23,193,30.08,0,NONE,ALLOW_REGULAR,1
0.2,rdl_phase2,eMBB,17,95.6,-85.81,5.43,59,32.59,0,NONE,MARL_ENERGY_EFF_OPT,1
0.4,baseline,mMTC,33,64.2,-94.96,2.96,143,43.0,1,POWER_OVERLOAD,NONE_UNMANAGED,0
0.4,rdl_phase1,mMTC,16,91.91,-102.65,7.74,76,32.83,0,NONE,ALLOW_REGULAR,1
0.4,rdl_phase2,mMTC,32,90.73,-95.78,16.28,89,33.09,0,NONE,MARL_ENERGY_EFF_OPT,1
0.6,baseline,URLLC,22,89.17,-75.83,20.65,155,37.37,0,NONE,NONE_UNMANAGED,1
0.6,rdl_phase1,URLLC,25,82.59,-95.59,17.41,238,36.49,1,DIRECT_PRB,QOS_BOOST_URLLC,1
0.6,rdl_phase2,URLLC,23,32.74,-85.46,10.8,59,32.72,0,NONE,MARL_ENERGY_EFF_OPT,1
0.81,baseline,eMBB,22,35.97,-77.85,10.04,260,43.0,0,NONE,NONE_UNMANAGED,1
0.81,rdl_phase1,eMBB,22,37.83,-86.9,11.16,121,36.91,0,NONE,ALLOW_REGULAR,1
0.81,rdl_phase2,eMBB,23,48.09,-92.17,17.63,265,30.95,0,NONE,MARL_ENERGY_EFF_OPT,1
1.01,baseline,mMTC,15,29.23,-76.04,6.11,117,35.97,0,NONE,NONE_UNMANAGED,1
1.01,rdl_phase1,mMTC,26,78.28,-99.02,15.94,180,30.93,0,NONE,ALLOW_REGULAR,1
1.01,rdl_phase2,mMTC,33,35.21,-108.45,12.03,183,33.09,0,NONE,MARL_ENERGY_EFF_OPT,1
1.21,baseline,URLLC,32,74.95,-77.09,18.95,100,30.7,0,NONE,NONE_UNMANAGED,1
1.21,rdl_phase1,URLLC,25,69.85,-86.78,4.87,126,34.06,1,POWER_OVERLOAD,QOS_BOOST_URLLC,1
1.21,rdl_phase2,URLLC,28,46.09,-85.6,14.75,99,30.31,0,NONE,MARL_ENERGY_EFF_OPT,1
1.41,baseline,eMBB,27,74.19,-78.4,16.16,127,38.34,0,NONE,NONE_UNMANAGED,1
1.41,rdl_phase1,eMBB,24,42.95,-94.95,15.34,217,32.58,0,NONE,ALLOW_REGULAR,1
1.41,rdl_phase2,eMBB,29,55.37,-102.52,12.88,253,32.05,0,NONE,MARL_ENERGY_EFF_OPT,1
1.61,baseline,mMTC,17,42.7,-86.77,16.24,73,43.0,0,NONE,NONE_UNMANAGED,1
1.61,rdl_phase1,mMTC,22,73.82,-102.14,6.58,56,30.37,0,NONE,ALLOW_REGULAR,1
1.61,rdl_phase2,mMTC,30,68.9,-83.1,12.47,211,31.17,1,DIRECT_PRB,MARL_MAPPO_JOINT_OPT,1
1.81,baseline,URLLC,27,59.55,-101.46,17.09,51,43.0,0,NONE,NONE_UNMANAGED,1
1.81,rdl_phase1,URLLC,18,82.27,-102.34,20.49,228,34.14,1,DIRECT_PRB,QOS_BOOST_URLLC,1
1.81,rdl_phase2,URLLC,16,64.59,-77.89,4.79,84,32.41,1,POWER_OVERLOAD,MARL_MAPPO_JOINT_OPT,1
2.01,baseline,eMBB,31,99.03,-89.16,23.85,163,43.0,0,NONE,NONE_UNMANAGED,1
2.01,rdl_phase1,eMBB,31,54.14,-78.26,12.26,90,35.95,0,NONE,ALLOW_REGULAR,1
2.01,rdl_phase2,eMBB,30,56.01,-83.69,21.32,120,32.21,0,NONE,MARL_ENERGY_EFF_OPT,1
2.21,baseline,mMTC,31,58.77,-101.63,12.12,232,32.72,0,NONE,NONE_UNMANAGED,1
2.21,rdl_phase1,mMTC,25,91.44,-107.18,5.47,148,35.55,0,NONE,ALLOW_REGULAR,1
2.21,rdl_phase2,mMTC,21,25.14,-95.73,14.48,156,28.34,0,NONE,MARL_ENERGY_EFF_OPT,1
2.42,baseline,URLLC,28,51.16,-83.06,23.76,55,43.0,0,NONE,NONE_UNMANAGED,1
2.42,rdl_phase1,URLLC,33,50.43,-109.79,10.09,242,33.12,0,NONE,ALLOW_REGULAR,1
2.42,rdl_phase2,URLLC,28,63.06,-84.29,20.4,106,30.69,0,NONE,MARL_ENERGY_EFF_OPT,1
2.62,baseline,eMBB,23,54.87,-108.98,9.73,223,43.0,0,NONE,NONE_UNMANAGED,1
2.62,rdl_phase1,eMBB,20,87.24,-77.82,24.56,186,30.22,1,POWER_OVERLOAD,QOS_BOOST_URLLC,1
2.62,rdl_phase2,eMBB,27,67.35,-86.8,3.93,159,28.75,1,POWER_OVERLOAD,MARL_MAPPO_JOINT_OPT,1
2.82,baseline,mMTC,29,34.54,-100.89,9.53,166,37.61,0,NONE,NONE_UNMANAGED,1
2.82,rdl_phase1,mMTC,27,42.26,-76.71,11.7,263,30.66,0,NONE,ALLOW_REGULAR,1
2.82,rdl_phase2,mMTC,15,79.92,-108.18,23.89,107,31.58,0,NONE,MARL_ENERGY_EFF_OPT,1
3.02,baseline,URLLC,16,80.34,-76.76,6.59,55,43.0,0,NONE,NONE_UNMANAGED,1
3.02,rdl_phase1,URLLC,22,30.1,-86.57,14.97,105,33.72,0,NONE,ALLOW_REGULAR,1
3.02,rdl_phase2,URLLC,23,81.35,-104.13,15.97,241,31.95,1,DIRECT_PRB,MARL_MAPPO_JOINT_OPT,1
3.22,baseline,eMBB,20,97.18,-106.22,2.59,129,43.0,1,POWER_OVERLOAD,NONE_UNMANAGED,0
3.22,rdl_phase1,eMBB,27,51.73,-84.97,3.75,226,36.64,1,DIRECT_PRB,QOS_BOOST_URLLC,1
3.22,rdl_phase2,eMBB,22,28.15,-82.96,21.56,203,32.43,0,NONE,MARL_ENERGY_EFF_OPT,1
3.42,baseline,mMTC,33,82.61,-97.85,11.85,144,36.48,0,NONE,NONE_UNMANAGED,1
3.42,rdl_phase1,mMTC,15,87.97,-81.22,4.43,142,35.08,1,POWER_OVERLOAD,QOS_BOOST_URLLC,1
3.42,rdl_phase2,mMTC,29,76.58,-94.76,18.88,216,29.49,1,DIRECT_PRB,MARL_MAPPO_JOINT_OPT,1
3.62,baseline,URLLC,32,81.97,-93.73,20.99,201,38.52,1,DIRECT_PRB,NONE_UNMANAGED,0
3.62,rdl_phase1,URLLC,17,42.31,-94.22,19.26,195,34.88,0,NONE,ALLOW_REGULAR,1
3.62,rdl_phase2,URLLC,27,46.91,-92.7,9.48,174,29.17,0,NONE,MARL_ENERGY_EFF_OPT,1
3.83,baseline,eMBB,23,47.23,-79.19,18.13,120,43.0,0,NONE,NONE_UNMANAGED,1
3.83,rdl_phase1,eMBB,31,95.85,-107.0,18.56,175,34.44,0,NONE,ALLOW_REGULAR,1
3.83,rdl_phase2,eMBB,22,75.25,-87.39,13.29,252,28.09,1,DIRECT_PRB,MARL_MAPPO_JOINT_OPT,1
4.03,baseline,mMTC,24,37.73,-85.79,9.04,198,35.53,0,NONE,NONE_UNMANAGED,1
4.03,rdl_phase1,mMTC,26,54.04,-83.89,9.61,229,33.63,0,NONE,ALLOW_REGULAR,1
4.03,rdl_phase2,mMTC,24,40.11,-105.78,6.43,80,32.09,0,NONE,MARL_ENERGY_EFF_OPT,1
4.23,baseline,URLLC,20,35.32,-84.15,8.36,200,43.0,0,NONE,NONE_UNMANAGED,1
4.23,rdl_phase1,URLLC,31,67.74,-75.68,21.15,125,31.82,0,NONE,ALLOW_REGULAR,1
4.23,rdl_phase2,URLLC,20,44.18,-85.22,4.91,61,33.36,1,POWER_OVERLOAD,MARL_MAPPO_JOINT_OPT,1
4.43,baseline,eMBB,32,43.37,-76.96,16.67,242,38.73,0,NONE,NONE_UNMANAGED,1
4.43,rdl_phase1,eMBB,33,42.75,-93.25,9.84,63,32.02,0,NONE,ALLOW_REGULAR,1
4.43,rdl_phase2,eMBB,30,29.13,-107.71,13.31,197,31.46,0,NONE,MARL_ENERGY_EFF_OPT,1
4.63,baseline,mMTC,16,32.14,-81.61,23.83,71,43.0,0,NONE,NONE_UNMANAGED,1
4.63,rdl_phase1,mMTC,18,64.65,-95.43,15.71,208,31.81,1,DIRECT_PRB,QOS_BOOST_URLLC,1
4.63,rdl_phase2,mMTC,31,50.43,-78.2,8.84,200,33.45,0,NONE,MARL_ENERGY_EFF_OPT,1
4.83,baseline,URLLC,24,65.49,-107.89,24.08,75,43.0,0,NONE,NONE_UNMANAGED,1
4.83,rdl_phase1,URLLC,21,70.04,-100.74,3.87,111,31.39,1,POWER_OVERLOAD,QOS_BOOST_URLLC,1
4.83,rdl_phase2,URLLC,17,32.52,-95.7,17.86,170,29.6,0,NONE,MARL_ENERGY_EFF_OPT,1
5.03,baseline,eMBB,22,43.05,-100.1,21.77,68,43.0,0,NONE,NONE_UNMANAGED,1
5.03,rdl_phase1,eMBB,23,83.03,-88.12,17.21,100,33.4,0,NONE,ALLOW_REGULAR,1
5.03,rdl_phase2,eMBB,32,37.98,-104.79,8.11,86,28.39,0,NONE,MARL_ENERGY_EFF_OPT,1
5.23,baseline,mMTC,20,83.41,-89.17,20.96,123,34.69,0,NONE,NONE_UNMANAGED,1
5.23,rdl_phase1,mMTC,24,75.98,-77.01,13.51,176,33.5,0,NONE,ALLOW_REGULAR,1
5.23,rdl_phase2,mMTC,34,23.19,-94.88,9.41,114,28.14,0,NONE,MARL_ENERGY_EFF_OPT,1
5.44,baseline,URLLC,22,96.95,-80.74,15.23,55,43.0,0,NONE,NONE_UNMANAGED,1
5.44,rdl_phase1,URLLC,23,66.1,-83.29,6.03,182,35.21,1,POWER_OVERLOAD,QOS_BOOST_URLLC,1
5.44,rdl_phase2,URLLC,23,34.52,-89.51,16.6,175,33.33,0,NONE,MARL_ENERGY_EFF_OPT,1
5.64,baseline,eMBB,30,47.84,-98.33,17.41,269,34.12,0,NONE,NONE_UNMANAGED,1
5.64,rdl_phase1,eMBB,30,43.06,-76.92,20.71,190,30.29,0,NONE,ALLOW_REGULAR,1
5.64,rdl_phase2,eMBB,17,45.16,-98.69,24.31,153,32.76,0,NONE,MARL_ENERGY_EFF_OPT,1
5.84,baseline,mMTC,15,72.61,-91.01,11.5,98,43.0,0,NONE,NONE_UNMANAGED,1
5.84,rdl_phase1,mMTC,34,80.52,-88.11,19.48,102,32.14,0,NONE,ALLOW_REGULAR,1
5.84,rdl_phase2,mMTC,19,94.21,-94.67,18.06,81,28.16,0,NONE,MARL_ENERGY_EFF_OPT,1
6.04,baseline,URLLC,34,83.95,-85.16,9.15,53,43.0,0,NONE,NONE_UNMANAGED,1
6.04,rdl_phase1,URLLC,17,37.98,-80.55,4.61,80,35.18,1,POWER_OVERLOAD,QOS_BOOST_URLLC,1
6.04,rdl_phase2,URLLC,19,59.87,-84.92,13.7,119,30.29,0,NONE,MARL_ENERGY_EFF_OPT,1
6.24,baseline,eMBB,30,98.42,-101.47,14.68,148,35.99,0,NONE,NONE_UNMANAGED,1
6.24,rdl_phase1,eMBB,19,89.12,-100.33,20.17,156,32.72,0,NONE,ALLOW_REGULAR,1
6.24,rdl_phase2,eMBB,31,41.37,-109.91,18.7,264,31.23,0,NONE,MARL_ENERGY_EFF_OPT,1
6.44,baseline,mMTC,30,89.22,-94.37,13.14,135,43.0,0,NONE,NONE_UNMANAGED,1
6.44,rdl_phase1,mMTC,32,50.18,-77.35,22.0,228,31.91,0,NONE,ALLOW_REGULAR,1
6.44,rdl_phase2,mMTC,27,38.68,-82.86,3.0,240,30.6,1,DIRECT_PRB,MARL_MAPPO_JOINT_OPT,1
6.64,baseline,URLLC,27,50.89,-86.77,20.88,88,30.37,0,NONE,NONE_UNMANAGED,1
6.64,rdl_phase1,URLLC,31,97.23,-98.38,4.31,266,33.52,1,DIRECT_PRB,QOS_BOOST_URLLC,1
6.64,rdl_phase2,URLLC,31,92.84,-109.46,5.32,272,31.6,1,DIRECT_PRB,MARL_MAPPO_JOINT_OPT,1
6.85,baseline,eMBB,19,25.99,-82.65,8.1,209,43.0,0,NONE,NONE_UNMANAGED,1
6.85,rdl_phase1,eMBB,17,88.14,-80.17,21.76,147,37.63,0,NONE,ALLOW_REGULAR,1
6.85,rdl_phase2,eMBB,30,89.79,-108.74,3.57,211,31.76,1,DIRECT_PRB,MARL_MAPPO_JOINT_OPT,1
7.05,baseline,mMTC,24,99.79,-83.86,11.98,75,43.0,0,NONE,NONE_UNMANAGED,1
7.05,rdl_phase1,mMTC,18,55.49,-85.71,22.78,61,32.59,0,NONE,ALLOW_REGULAR,1
7.05,rdl_phase2,mMTC,16,43.47,-96.88,5.35,185,30.27,0,NONE,MARL_ENERGY_EFF_OPT,1
7.25,baseline,URLLC,20,33.6,-107.24,22.03,208,43.0,0,NONE,NONE_UNMANAGED,1
7.25,rdl_phase1,URLLC,30,93.03,-104.99,12.61,115,33.68,0,NONE,ALLOW_REGULAR,1
7.25,rdl_phase2,URLLC,15,91.91,-93.72,8.62,189,28.87,1,POWER_OVERLOAD,MARL_MAPPO_JOINT_OPT,1
7.45,baseline,eMBB,29,95.62,-75.43,8.88,158,43.0,0,NONE,NONE_UNMANAGED,1
7.45,rdl_phase1,eMBB,29,87.62,-103.03,10.85,173,30.85,0,NONE,ALLOW_REGULAR,1
7.45,rdl_phase2,eMBB,27,65.75,-89.88,24.83,125,28.12,0,NONE,MARL_ENERGY_EFF_OPT,1
7.65,baseline,mMTC,27,41.96,-90.19,17.77,240,43.0,0,NONE,NONE_UNMANAGED,1
7.65,rdl_phase1,mMTC,34,79.61,-80.85,22.77,248,36.39,1,DIRECT_PRB,QOS_BOOST_URLLC,1
7.65,rdl_phase2,mMTC,34,84.15,-102.33,6.37,114,31.73,0,NONE,MARL_ENERGY_EFF_OPT,1
7.85,baseline,URLLC,19,70.26,-78.38,16.87,129,43.0,0,NONE,NONE_UNMANAGED,1
7.85,rdl_phase1,URLLC,16,66.37,-84.37,4.07,125,32.61,1,POWER_OVERLOAD,QOS_BOOST_URLLC,1
7.85,rdl_phase2,URLLC,28,34.05,-105.37,14.41,143,30.92,0,NONE,MARL_ENERGY_EFF_OPT,1
8.05,baseline,eMBB,23,86.44,-101.01,20.97,173,43.0,0,NONE,NONE_UNMANAGED,1
8.05,rdl_phase1,eMBB,24,79.72,-98.14,4.65,69,31.13,1,POWER_OVERLOAD,QOS_BOOST_URLLC,1
8.05,rdl_phase2,eMBB,22,88.81,-84.65,24.54,266,32.43,1,DIRECT_PRB,MARL_MAPPO_JOINT_OPT,1
8.26,baseline,mMTC,26,27.22,-96.19,8.08,81,36.73,0,NONE,NONE_UNMANAGED,1
8.26,rdl_phase1,mMTC,23,66.76,-81.22,23.63,77,35.4,0,NONE,ALLOW_REGULAR,1
8.26,rdl_phase2,mMTC,30,22.0,-79.05,14.91,206,29.22,0,NONE,MARL_ENERGY_EFF_OPT,1
8.46,baseline,URLLC,17,70.83,-93.75,18.12,216,31.4,1,DIRECT_PRB,NONE_UNMANAGED,0
8.46,rdl_phase1,URLLC,16,44.35,-92.76,4.24,187,31.09,1,POWER_OVERLOAD,QOS_BOOST_URLLC,1
8.46,rdl_phase2,URLLC,29,49.68,-76.77,18.02,188,30.31,0,NONE,MARL_ENERGY_EFF_OPT,1
8.66,baseline,eMBB,19,90.83,-87.08,21.17,207,39.52,1,DIRECT_PRB,NONE_UNMANAGED,0
8.66,rdl_phase1,eMBB,16,75.22,-102.4,12.23,110,36.84,0,NONE,ALLOW_REGULAR,1
8.66,rdl_phase2,eMBB,18,98.47,-97.14,22.74,215,29.97,1,DIRECT_PRB,MARL_MAPPO_JOINT_OPT,1
8.86,baseline,mMTC,27,42.07,-76.11,23.83,260,36.63,0,NONE,NONE_UNMANAGED,1
8.86,rdl_phase1,mMTC,34,97.69,-108.23,9.67,82,36.3,0,NONE,ALLOW_REGULAR,1
8.86,rdl_phase2,mMTC,21,25.49,-83.22,6.76,105,32.47,0,NONE,MARL_ENERGY_EFF_OPT,1
9.06,baseline,URLLC,22,46.28,-104.84,22.71,50,39.84,0,NONE,NONE_UNMANAGED,1
9.06,rdl_phase1,URLLC,19,63.22,-82.05,4.53,271,30.21,1,DIRECT_PRB,QOS_BOOST_URLLC,1
9.06,rdl_phase2,URLLC,15,48.66,-82.4,15.54,54,28.96,0,NONE,MARL_ENERGY_EFF_OPT,1
9.26,baseline,eMBB,16,30.14,-95.27,4.61,66,37.78,1,POWER_OVERLOAD,NONE_UNMANAGED,0
9.26,rdl_phase1,eMBB,31,67.49,-94.18,7.1,207,30.35,1,DIRECT_PRB,QOS_BOOST_URLLC,1
9.26,rdl_phase2,eMBB,31,44.13,-87.48,2.72,172,32.66,1,POWER_OVERLOAD,MARL_MAPPO_JOINT_OPT,1
9.46,baseline,mMTC,28,74.89,-92.84,22.92,68,43.0,0,NONE,NONE_UNMANAGED,1
9.46,rdl_phase1,mMTC,25,68.66,-107.7,8.33,212,34.68,1,DIRECT_PRB,QOS_BOOST_URLLC,1
9.46,rdl_phase2,mMTC,25,50.47,-89.09,8.78,179,31.33,0,NONE,MARL_ENERGY_EFF_OPT,1
9.66,baseline,URLLC,18,83.45,-106.0,17.06,246,43.0,1,DIRECT_PRB,NONE_UNMANAGED,0
9.66,rdl_phase1,URLLC,21,54.41,-78.92,11.52,261,33.63,0,NONE,ALLOW_REGULAR,1
9.66,rdl_phase2,URLLC,28,78.37,-99.06,9.19,115,30.06,0,NONE,MARL_ENERGY_EFF_OPT,1
9.87,baseline,eMBB,19,74.95,-93.4,4.1,71,30.97,1,POWER_OVERLOAD,NONE_UNMANAGED,0
9.87,rdl_phase1,eMBB,26,84.94,-90.53,15.49,193,34.49,1,POWER_OVERLOAD,QOS_BOOST_URLLC,1
9.87,rdl_phase2,eMBB,18,52.86,-79.42,23.65,158,32.77,0,NONE,MARL_ENERGY_EFF_OPT,1
10.07,baseline,mMTC,16,97.47,-88.99,10.09,197,43.0,1,POWER_OVERLOAD,NONE_UNMANAGED,0
10.07,rdl_phase1,mMTC,19,72.54,-102.15,4.49,266,34.45,1,DIRECT_PRB,QOS_BOOST_URLLC,1
10.07,rdl_phase2,mMTC,18,81.01,-89.91,20.57,266,31.09,1,DIRECT_PRB,MARL_MAPPO_JOINT_OPT,1
10.27,baseline,URLLC,34,69.09,-87.51,2.6,218,43.0,1,DIRECT_PRB,NONE_UNMANAGED,0
10.27,rdl_phase1,URLLC,23,22.32,-100.44,19.54,136,32.81,0,NONE,ALLOW_REGULAR,1
10.27,rdl_phase2,URLLC,20,89.59,-90.18,11.22,86,32.08,0,NONE,MARL_ENERGY_EFF_OPT,1
10.47,baseline,eMBB,15,27.34,-91.43,10.65,166,33.7,0,NONE,NONE_UNMANAGED,1
10.47,rdl_phase1,eMBB,25,82.15,-90.13,3.95,63,31.24,1,POWER_OVERLOAD,QOS_BOOST_URLLC,1
10.47,rdl_phase2,eMBB,34,23.98,-107.14,12.19,158,30.67,0,NONE,MARL_ENERGY_EFF_OPT,1
10.67,baseline,mMTC,29,53.13,-102.46,13.78,138,32.83,0,NONE,NONE_UNMANAGED,1
10.67,rdl_phase1,mMTC,33,58.93,-86.65,3.04,151,37.88,1,POWER_OVERLOAD,QOS_BOOST_URLLC,1
10.67,rdl_phase2,mMTC,16,20.61,-99.45,6.86,85,32.2,0,NONE,MARL_ENERGY_EFF_OPT,1
10.87,baseline,URLLC,24,46.25,-109.73,19.18,94,35.33,0,NONE,NONE_UNMANAGED,1
10.87,rdl_phase1,URLLC,22,60.02,-80.83,20.54,68,33.18,0,NONE,ALLOW_REGULAR,1
10.87,rdl_phase2,URLLC,16,54.9,-93.91,3.79,130,31.17,1,POWER_OVERLOAD,MARL_MAPPO_JOINT_OPT,1
11.07,baseline,eMBB,33,52.35,-87.6,8.66,153,33.25,0,NONE,NONE_UNMANAGED,1
11.07,rdl_phase1,eMBB,34,56.81,-85.86,10.32,161,36.76,0,NONE,ALLOW_REGULAR,1
11.07,rdl_phase2,eMBB,22,54.85,-95.98,3.81,272,29.71,1,DIRECT_PRB,MARL_MAPPO_JOINT_OPT,1
11.28,baseline,mMTC,25,37.73,-82.73,3.76,212,35.1,1,DIRECT_PRB,NONE_UNMANAGED,0
11.28,rdl_phase1,mMTC,26,48.09,-76.46,16.85,87,31.89,0,NONE,ALLOW_REGULAR,1
11.28,rdl_phase2,mMTC,19,40.48,-103.93,5.52,244,31.61,0,NONE,MARL_ENERGY_EFF_OPT,1
11.48,baseline,URLLC,20,96.1,-88.02,12.67,194,43.0,1,POWER_OVERLOAD,NONE_UNMANAGED,0
11.48,rdl_phase1,URLLC,29,74.49,-79.13,16.79,209,32.59,1,DIRECT_PRB,QOS_BOOST_URLLC,1
11.48,rdl_phase2,URLLC,25,32.08,-107.61,12.17,127,32.38,0,NONE,MARL_ENERGY_EFF_OPT,1
11.68,baseline,eMBB,33,24.49,-92.24,9.14,165,33.69,0,NONE,NONE_UNMANAGED,1
11.68,rdl_phase1,eMBB,24,26.14,-79.75,21.67,207,34.75,0,NONE,ALLOW_REGULAR,1
11.68,rdl_phase2,eMBB,27,57.02,-90.6,20.21,60,30.47,0,NONE,MARL_ENERGY_EFF_OPT,1
11.88,baseline,mMTC,33,72.15,-98.75,12.94,88,43.0,0,NONE,NONE_UNMANAGED,1
11.88,rdl_phase1,mMTC,29,28.28,-78.53,9.9,232,30.67,0,NONE,ALLOW_REGULAR,1
11.88,rdl_phase2,mMTC,20,23.13,-85.23,24.79,184,30.88,0,NONE,MARL_ENERGY_EFF_OPT,1
12.08,baseline,URLLC,20,49.11,-77.87,10.91,248,35.98,0,NONE,NONE_UNMANAGED,1
12.08,rdl_phase1,URLLC,25,25.27,-106.69,17.6,122,32.02,0,NONE,ALLOW_REGULAR,1
12.08,rdl_phase2,URLLC,34,89.86,-98.33,15.4,86,33.04,0,NONE,MARL_ENERGY_EFF_OPT,1
12.28,baseline,eMBB,24,97.42,-85.55,11.02,202,43.0,1,DIRECT_PRB,NONE_UNMANAGED,0
12.28,rdl_phase1,eMBB,17,44.77,-96.82,20.21,258,31.02,0,NONE,ALLOW_REGULAR,1
12.28,rdl_phase2,eMBB,31,27.48,-86.53,13.7,54,29.99,0,NONE,MARL_ENERGY_EFF_OPT,1
12.48,baseline,mMTC,20,96.09,-98.04,19.62,99,31.38,0,NONE,NONE_UNMANAGED,1
12.48,rdl_phase1,mMTC,17,43.66,-82.42,13.68,188,36.68,0,NONE,ALLOW_REGULAR,1
12.48,rdl_phase2,mMTC,31,23.02,-98.21,19.63,83,31.28,0,NONE,MARL_ENERGY_EFF_OPT,1
12.68,baseline,URLLC,19,32.98,-80.9,19.74,257,43.0,0,NONE,NONE_UNMANAGED,1
12.68,rdl_phase1,URLLC,29,23.5,-97.25,18.55,163,34.88,0,NONE,ALLOW_REGULAR,1
12.68,rdl_phase2,URLLC,29,38.72,-101.63,24.21,250,30.58,0,NONE,MARL_ENERGY_EFF_OPT,1
12.89,baseline,eMBB,21,49.43,-76.85,24.64,168,43.0,0,NONE,NONE_UNMANAGED,1
12.89,rdl_phase1,eMBB,27,60.23,-95.35,5.73,101,36.41,0,NONE,ALLOW_REGULAR,1
12.89,rdl_phase2,eMBB,19,89.84,-108.17,13.05,145,31.05,0,NONE,MARL_ENERGY_EFF_OPT,1
13.09,baseline,mMTC,18,76.91,-91.94,4.87,71,43.0,1,POWER_OVERLOAD,NONE_UNMANAGED,0
13.09,rdl_phase1,mMTC,23,55.95,-92.03,21.11,73,37.57,0,NONE,ALLOW_REGULAR,1
13.09,rdl_phase2,mMTC,22,85.34,-79.04,23.4,156,28.29,0,NONE,MARL_ENERGY_EFF_OPT,1
13.29,baseline,URLLC,31,49.92,-96.48,3.88,107,39.31,1,POWER_OVERLOAD,NONE_UNMANAGED,0
13.29,rdl_phase1,URLLC,25,83.31,-105.18,8.6,262,33.78,1,DIRECT_PRB,QOS_BOOST_URLLC,1
13.29,rdl_phase2,URLLC,19,80.71,-93.58,16.15,70,28.1,0,NONE,MARL_ENERGY_EFF_OPT,1
13.49,baseline,eMBB,21,86.8,-90.79,18.73,185,37.76,1,POWER_OVERLOAD,NONE_UNMANAGED,0
13.49,rdl_phase1,eMBB,22,44.09,-108.33,11.66,253,34.98,0,NONE,ALLOW_REGULAR,1
13.49,rdl_phase2,eMBB,17,28.87,-78.32,15.72,54,31.48,0,NONE,MARL_ENERGY_EFF_OPT,1
13.69,baseline,mMTC,33,39.36,-104.97,11.87,207,35.71,0,NONE,NONE_UNMANAGED,1
13.69,rdl_phase1,mMTC,20,73.15,-107.0,24.42,67,37.63,0,NONE,ALLOW_REGULAR,1
13.69,rdl_phase2,mMTC,32,60.59,-75.41,14.75,149,32.8,0,NONE,MARL_ENERGY_EFF_OPT,1
13.89,baseline,URLLC,16,70.85,-75.66,7.83,54,30.68,0,NONE,NONE_UNMANAGED,1
13.89,rdl_phase1,URLLC,22,78.64,-88.01,19.74,238,36.05,1,DIRECT_PRB,QOS_BOOST_URLLC,1
13.89,rdl_phase2,URLLC,19,23.55,-90.89,20.71,94,32.57,0,NONE,MARL_ENERGY_EFF_OPT,1
14.09,baseline,eMBB,29,98.47,-93.25,6.19,84,37.76,0,NONE,NONE_UNMANAGED,1
14.09,rdl_phase1,eMBB,29,22.96,-102.94,20.2,60,32.52,0,NONE,ALLOW_REGULAR,1
14.09,rdl_phase2,eMBB,24,61.23,-75.38,14.49,114,28.2,0,NONE,MARL_ENERGY_EFF_OPT,1
14.3,baseline,mMTC,21,42.89,-79.83,3.1,217,31.24,1,DIRECT_PRB,NONE_UNMANAGED,0
14.3,rdl_phase1,mMTC,26,54.96,-96.0,12.11,148,32.71,0,NONE,ALLOW_REGULAR,1
14.3,rdl_phase2,mMTC,20,59.7,-92.59,23.26,182,29.47,0,NONE,MARL_ENERGY_EFF_OPT,1
14.5,baseline,URLLC,17,78.17,-107.24,15.86,260,32.94,1,DIRECT_PRB,NONE_UNMANAGED,0
14.5,rdl_phase1,URLLC,18,26.41,-86.87,9.05,204,35.74,0,NONE,ALLOW_REGULAR,1
14.5,rdl_phase2,URLLC,20,75.18,-97.7,2.97,272,33.01,1,DIRECT_PRB,MARL_MAPPO_JOINT_OPT,1
14.7,baseline,eMBB,34,99.85,-100.39,24.54,64,36.38,0,NONE,NONE_UNMANAGED,1
14.7,rdl_phase1,eMBB,26,61.05,-83.75,5.68,57,31.14,0,NONE,ALLOW_REGULAR,1
14.7,rdl_phase2,eMBB,34,74.25,-94.66,4.9,110,32.28,1,POWER_OVERLOAD,MARL_MAPPO_JOINT_OPT,1
14.9,baseline,mMTC,26,48.97,-76.77,2.74,89,43.0,1,POWER_OVERLOAD,NONE_UNMANAGED,0
14.9,rdl_phase1,mMTC,26,49.76,-83.29,15.2,185,32.94,0,NONE,ALLOW_REGULAR,1
14.9,rdl_phase2,mMTC,25,71.96,-101.26,4.61,238,29.02,1,DIRECT_PRB,MARL_MAPPO_JOINT_OPT,1
15.1,baseline,URLLC,31,50.96,-90.34,8.02,116,43.0,0,NONE,NONE_UNMANAGED,1
15.1,rdl_phase1,URLLC,21,99.71,-100.0,23.08,175,31.6,0,NONE,ALLOW_REGULAR,1
15.1,rdl_phase2,URLLC,19,88.23,-94.18,22.67,163,33.48,0,NONE,MARL_ENERGY_EFF_OPT,1
15.3,baseline,eMBB,25,73.43,-85.17,14.65,124,43.0,0,NONE,NONE_UNMANAGED,1
15.3,rdl_phase1,eMBB,20,76.94,-77.54,16.67,253,32.89,1,DIRECT_PRB,QOS_BOOST_URLLC,1
15.3,rdl_phase2,eMBB,22,29.71,-102.97,5.19,252,30.72,0,NONE,MARL_ENERGY_EFF_OPT,1
15.5,baseline,mMTC,26,64.32,-97.09,20.48,191,38.84,1,POWER_OVERLOAD,NONE_UNMANAGED,0
15.5,rdl_phase1,mMTC,17,44.74,-75.01,18.53,184,33.29,0,NONE,ALLOW_REGULAR,1
15.5,rdl_phase2,mMTC,28,85.87,-107.42,24.36,214,28.41,1,DIRECT_PRB,MARL_MAPPO_JOINT_OPT,1
15.7,baseline,URLLC,29,74.41,-97.94,22.19,249,43.0,1,DIRECT_PRB,NONE_UNMANAGED,0
15.7,rdl_phase1,URLLC,33,34.56,-76.18,11.95,272,30.44,0,NONE,ALLOW_REGULAR,1
15.7,rdl_phase2,URLLC,18,61.45,-99.36,5.73,231,29.24,1,DIRECT_PRB,MARL_MAPPO_JOINT_OPT,1
15.91,baseline,eMBB,31,91.59,-80.39,7.76,212,43.0,1,DIRECT_PRB,NONE_UNMANAGED,0
15.91,rdl_phase1,eMBB,23,30.01,-99.4,14.27,178,35.13,0,NONE,ALLOW_REGULAR,1
15.91,rdl_phase2,eMBB,33,95.33,-104.6,17.15,234,32.96,1,DIRECT_PRB,MARL_MAPPO_JOINT_OPT,1
16.11,baseline,mMTC,25,87.4,-90.27,20.98,57,39.49,0,NONE,NONE_UNMANAGED,1
16.11,rdl_phase1,mMTC,33,41.17,-102.62,15.16,208,35.11,0,NONE,ALLOW_REGULAR,1
16.11,rdl_phase2,mMTC,30,91.12,-90.9,16.76,127,30.66,0,NONE,MARL_ENERGY_EFF_OPT,1
16.31,baseline,URLLC,27,43.79,-107.45,3.38,162,34.64,1,POWER_OVERLOAD,NONE_UNMANAGED,0
16.31,rdl_phase1,URLLC,25,68.53,-99.06,18.52,237,37.9,1,DIRECT_PRB,QOS_BOOST_URLLC,1
16.31,rdl_phase2,URLLC,26,98.03,-105.42,10.52,193,28.58,1,POWER_OVERLOAD,MARL_MAPPO_JOINT_OPT,1
16.51,baseline,eMBB,22,57.32,-100.64,7.7,74,39.45,0,NONE,NONE_UNMANAGED,1
16.51,rdl_phase1,eMBB,34,53.45,-76.31,22.75,258,32.62,0,NONE,ALLOW_REGULAR,1
16.51,rdl_phase2,eMBB,33,77.69,-103.36,5.66,181,30.57,1,POWER_OVERLOAD,MARL_MAPPO_JOINT_OPT,1
16.71,baseline,mMTC,24,59.79,-106.85,11.04,167,43.0,0,NONE,NONE_UNMANAGED,1
16.71,rdl_phase1,mMTC,21,66.67,-108.3,8.47,202,37.06,1,DIRECT_PRB,QOS_BOOST_URLLC,1
16.71,rdl_phase2,mMTC,30,42.86,-109.71,4.47,84,32.85,1,POWER_OVERLOAD,MARL_MAPPO_JOINT_OPT,1
16.91,baseline,URLLC,26,81.11,-97.19,11.21,195,43.0,1,POWER_OVERLOAD,NONE_UNMANAGED,0
16.91,rdl_phase1,URLLC,26,64.26,-107.43,13.6,245,34.4,1,DIRECT_PRB,QOS_BOOST_URLLC,1
16.91,rdl_phase2,URLLC,34,74.43,-105.84,24.43,150,30.05,0,NONE,MARL_ENERGY_EFF_OPT,1
17.11,baseline,eMBB,25,64.63,-97.2,5.32,204,43.0,1,DIRECT_PRB,NONE_UNMANAGED,0
17.11,rdl_phase1,eMBB,31,23.22,-108.64,18.41,255,33.79,0,NONE,ALLOW_REGULAR,1
17.11,rdl_phase2,eMBB,29,31.92,-78.74,5.21,206,29.75,0,NONE,MARL_ENERGY_EFF_OPT,1
17.32,baseline,mMTC,27,99.25,-84.12,8.88,136,43.0,0,NONE,NONE_UNMANAGED,1
17.32,rdl_phase1,mMTC,31,62.59,-85.19,8.9,258,30.13,1,DIRECT_PRB,QOS_BOOST_URLLC,1
17.32,rdl_phase2,mMTC,25,73.9,-75.7,15.43,253,32.94,1,DIRECT_PRB,MARL_MAPPO_JOINT_OPT,1
17.52,baseline,URLLC,15,67.75,-100.71,17.08,248,43.0,1,DIRECT_PRB,NONE_UNMANAGED,0
17.52,rdl_phase1,URLLC,22,77.71,-89.58,5.92,211,35.77,1,DIRECT_PRB,QOS_BOOST_URLLC,1
17.52,rdl_phase2,URLLC,27,31.82,-86.17,2.73,229,28.6,1,DIRECT_PRB,MARL_MAPPO_JOINT_OPT,1
17.72,baseline,eMBB,15,55.28,-95.34,11.5,102,37.75,0,NONE,NONE_UNMANAGED,1
17.72,rdl_phase1,eMBB,30,89.83,-84.25,3.43,85,34.15,1,POWER_OVERLOAD,QOS_BOOST_URLLC,1
17.72,rdl_phase2,eMBB,32,46.0,-86.82,14.09,130,33.26,0,NONE,MARL_ENERGY_EFF_OPT,1
17.92,baseline,mMTC,29,92.97,-98.02,10.15,247,43.0,1,DIRECT_PRB,NONE_UNMANAGED,0
17.92,rdl_phase1,mMTC,23,68.81,-103.27,7.67,192,32.39,1,POWER_OVERLOAD,QOS_BOOST_URLLC,1
17.92,rdl_phase2,mMTC,24,81.69,-85.33,17.88,175,29.74,0,NONE,MARL_ENERGY_EFF_OPT,1
18.12,baseline,URLLC,26,64.84,-77.29,18.6,123,36.77,0,NONE,NONE_UNMANAGED,1
18.12,rdl_phase1,URLLC,27,91.66,-96.19,9.94,247,36.44,1,DIRECT_PRB,QOS_BOOST_URLLC,1
18.12,rdl_phase2,URLLC,24,23.37,-76.56,3.82,163,31.61,1,POWER_OVERLOAD,MARL_MAPPO_JOINT_OPT,1
18.32,baseline,eMBB,30,37.12,-81.02,8.24,193,43.0,0,NONE,NONE_UNMANAGED,1
18.32,rdl_phase1,eMBB,19,28.74,-84.07,7.5,62,35.36,0,NONE,ALLOW_REGULAR,1
18.32,rdl_phase2,eMBB,31,38.05,-101.85,4.3,134,31.95,1,POWER_OVERLOAD,MARL_MAPPO_JOINT_OPT,1
18.52,baseline,mMTC,18,74.5,-105.19,24.18,90,39.35,0,NONE,NONE_UNMANAGED,1
18.52,rdl_phase1,mMTC,30,58.2,-103.02,24.17,132,32.28,0,NONE,ALLOW_REGULAR,1
18.52,rdl_phase2,mMTC,16,92.63,-106.87,15.21,186,32.06,1,POWER_OVERLOAD,MARL_MAPPO_JOINT_OPT,1
18.72,baseline,URLLC,16,93.06,-103.87,22.29,95,43.0,0,NONE,NONE_UNMANAGED,1
18.72,rdl_phase1,URLLC,16,99.77,-96.11,13.39,241,37.7,1,DIRECT_PRB,QOS_BOOST_URLLC,1
18.72,rdl_phase2,URLLC,24,90.14,-109.68,15.06,77,33.11,0,NONE,MARL_ENERGY_EFF_OPT,1
18.93,baseline,eMBB,25,42.76,-75.38,14.5,176,43.0,0,NONE,NONE_UNMANAGED,1
18.93,rdl_phase1,eMBB,19,88.08,-93.62,6.43,78,32.65,0,NONE,ALLOW_REGULAR,1
18.93,rdl_phase2,eMBB,29,71.86,-84.85,2.32,136,32.35,1,POWER_OVERLOAD,MARL_MAPPO_JOINT_OPT,1
19.13,baseline,mMTC,33,73.95,-103.24,16.05,213,43.0,1,DIRECT_PRB,NONE_UNMANAGED,0
19.13,rdl_phase1,mMTC,28,61.22,-106.96,17.39,97,37.85,0,NONE,ALLOW_REGULAR,1
19.13,rdl_phase2,mMTC,30,45.89,-101.32,8.0,110,30.46,0,NONE,MARL_ENERGY_EFF_OPT,1
19.33,baseline,URLLC,23,96.32,-99.43,18.63,52,33.6,0,NONE,NONE_UNMANAGED,1
19.33,rdl_phase1,URLLC,22,24.97,-105.86,9.06,153,35.49,0,NONE,ALLOW_REGULAR,1
19.33,rdl_phase2,URLLC,24,75.22,-87.65,23.63,144,31.38,0,NONE,MARL_ENERGY_EFF_OPT,1
19.53,baseline,eMBB,22,96.59,-93.26,12.46,205,37.02,1,DIRECT_PRB,NONE_UNMANAGED,0
19.53,rdl_phase1,eMBB,30,80.59,-81.93,20.99,245,31.98,1,DIRECT_PRB,QOS_BOOST_URLLC,1
19.53,rdl_phase2,eMBB,34,89.85,-107.13,12.28,230,29.99,1,DIRECT_PRB,MARL_MAPPO_JOINT_OPT,1
19.73,baseline,mMTC,33,28.98,-80.99,22.77,101,43.0,0,NONE,NONE_UNMANAGED,1
19.73,rdl_phase1,mMTC,19,33.16,-80.09,12.16,224,31.64,0,NONE,ALLOW_REGULAR,1
19.73,rdl_phase2,mMTC,33,59.11,-78.54,12.25,64,30.49,0,NONE,MARL_ENERGY_EFF_OPT,1
19.93,baseline,URLLC,31,53.23,-90.26,14.85,222,43.0,0,NONE,NONE_UNMANAGED,1
19.93,rdl_phase1,URLLC,15,51.68,-81.42,19.15,198,30.58,0,NONE,ALLOW_REGULAR,1
19.93,rdl_phase2,URLLC,28,47.56,-107.77,24.86,67,33.42,0,NONE,MARL_ENERGY_EFF_OPT,1
20.13,baseline,eMBB,30,22.54,-95.69,19.69,246,43.0,0,NONE,NONE_UNMANAGED,1
20.13,rdl_phase1,eMBB,28,49.96,-78.8,12.32,146,33.01,0,NONE,ALLOW_REGULAR,1
20.13,rdl_phase2,eMBB,32,30.64,-79.89,4.73,187,30.16,1,POWER_OVERLOAD,MARL_MAPPO_JOINT_OPT,1
20.34,baseline,mMTC,19,78.23,-102.21,2.08,55,43.0,1,POWER_OVERLOAD,NONE_UNMANAGED,0
20.34,rdl_phase1,mMTC,29,73.88,-90.94,14.23,260,31.84,1,DIRECT_PRB,QOS_BOOST_URLLC,1
20.34,rdl_phase2,mMTC,29,47.69,-100.35,23.56,235,32.21,0,NONE,MARL_ENERGY_EFF_OPT,1
20.54,baseline,URLLC,16,84.76,-95.33,19.62,54,30.67,0,NONE,NONE_UNMANAGED,1
20.54,rdl_phase1,URLLC,34,22.69,-89.08,18.18,62,31.96,0,NONE,ALLOW_REGULAR,1
20.54,rdl_phase2,URLLC,16,52.18,-101.8,7.0,271,32.27,0,NONE,MARL_ENERGY_EFF_OPT,1
20.74,baseline,eMBB,19,60.31,-99.88,20.76,237,43.0,1,DIRECT_PRB,NONE_UNMANAGED,0
20.74,rdl_phase1,eMBB,33,67.83,-86.46,9.38,127,37.01,0,NONE,ALLOW_REGULAR,1
20.74,rdl_phase2,eMBB,31,37.68,-99.48,3.4,201,32.84,1,DIRECT_PRB,MARL_MAPPO_JOINT_OPT,1
20.94,baseline,mMTC,20,70.08,-95.05,13.4,138,43.0,0,NONE,NONE_UNMANAGED,1
20.94,rdl_phase1,mMTC,27,82.86,-98.84,11.58,88,32.4,0,NONE,ALLOW_REGULAR,1
20.94,rdl_phase2,mMTC,20,80.35,-93.43,21.53,126,32.72,0,NONE,MARL_ENERGY_EFF_OPT,1
21.14,baseline,URLLC,19,84.46,-77.98,14.93,156,43.0,0,NONE,NONE_UNMANAGED,1
21.14,rdl_phase1,URLLC,19,51.07,-101.08,9.6,70,37.38,0,NONE,ALLOW_REGULAR,1
21.14,rdl_phase2,URLLC,26,27.4,-84.64,6.38,118,30.07,0,NONE,MARL_ENERGY_EFF_OPT,1
21.34,baseline,eMBB,34,68.23,-79.42,6.33,244,43.0,1,DIRECT_PRB,NONE_UNMANAGED,0
21.34,rdl_phase1,eMBB,32,37.36,-102.69,22.86,127,37.66,0,NONE,ALLOW_REGULAR,1
21.34,rdl_phase2,eMBB,15,36.94,-103.35,19.05,241,33.5,0,NONE,MARL_ENERGY_EFF_OPT,1
21.54,baseline,mMTC,30,93.16,-85.65,18.19,151,43.0,0,NONE,NONE_UNMANAGED,1
21.54,rdl_phase1,mMTC,32,45.73,-100.09,12.72,216,32.87,0,NONE,ALLOW_REGULAR,1
21.54,rdl_phase2,mMTC,23,48.77,-79.1,12.72,255,33.4,0,NONE,MARL_ENERGY_EFF_OPT,1
21.74,baseline,URLLC,30,80.93,-98.79,6.67,130,35.63,0,NONE,NONE_UNMANAGED,1
21.74,rdl_phase1,URLLC,22,79.3,-109.43,14.73,199,34.63,1,POWER_OVERLOAD,QOS_BOOST_URLLC,1
21.74,rdl_phase2,URLLC,28,43.62,-103.13,7.29,195,32.58,0,NONE,MARL_ENERGY_EFF_OPT,1
21.95,baseline,eMBB,30,64.05,-76.98,9.76,245,43.0,1,DIRECT_PRB,NONE_UNMANAGED,0
21.95,rdl_phase1,eMBB,30,56.87,-84.35,10.1,85,35.76,0,NONE,ALLOW_REGULAR,1
21.95,rdl_phase2,eMBB,30,34.72,-78.87,24.78,65,30.88,0,NONE,MARL_ENERGY_EFF_OPT,1
22.15,baseline,mMTC,17,95.62,-86.61,19.58,155,36.31,0,NONE,NONE_UNMANAGED,1
22.15,rdl_phase1,mMTC,17,76.57,-109.68,13.63,145,30.48,0,NONE,ALLOW_REGULAR,1
22.15,rdl_phase2,mMTC,34,93.02,-86.93,2.36,186,31.03,1,POWER_OVERLOAD,MARL_MAPPO_JOINT_OPT,1
22.35,baseline,URLLC,15,21.34,-84.72,14.32,123,38.13,0,NONE,NONE_UNMANAGED,1
22.35,rdl_phase1,URLLC,28,84.49,-78.16,4.46,74,34.2,1,POWER_OVERLOAD,QOS_BOOST_URLLC,1
22.35,rdl_phase2,URLLC,22,35.35,-91.57,20.75,118,32.37,0,NONE,MARL_ENERGY_EFF_OPT,1
22.55,baseline,eMBB,17,49.84,-95.79,15.0,228,36.84,0,NONE,NONE_UNMANAGED,1
22.55,rdl_phase1,eMBB,17,72.3,-79.96,19.47,73,33.24,0,NONE,ALLOW_REGULAR,1
22.55,rdl_phase2,eMBB,27,64.22,-108.04,2.22,93,28.45,1,POWER_OVERLOAD,MARL_MAPPO_JOINT_OPT,1
22.75,baseline,mMTC,28,71.59,-98.41,24.48,74,43.0,0,NONE,NONE_UNMANAGED,1
22.75,rdl_phase1,mMTC,16,38.38,-78.46,17.92,195,33.8,0,NONE,ALLOW_REGULAR,1
22.75,rdl_phase2,mMTC,16,93.93,-86.04,8.45,189,31.1,1,POWER_OVERLOAD,MARL_MAPPO_JOINT_OPT,1
22.95,baseline,URLLC,16,34.35,-80.24,2.36,103,43.0,1,POWER_OVERLOAD,NONE_UNMANAGED,0
22.95,rdl_phase1,URLLC,27,94.31,-99.53,14.97,195,36.68,1,POWER_OVERLOAD,QOS_BOOST_URLLC,1
22.95,rdl_phase2,URLLC,27,74.16,-91.08,10.83,239,28.77,1,DIRECT_PRB,MARL_MAPPO_JOINT_OPT,1
23.15,baseline,eMBB,17,60.06,-75.9,3.24,161,30.76,1,POWER_OVERLOAD,NONE_UNMANAGED,0
23.15,rdl_phase1,eMBB,34,81.52,-76.58,11.12,248,32.61,1,DIRECT_PRB,QOS_BOOST_URLLC,1
23.15,rdl_phase2,eMBB,23,82.68,-94.23,7.25,191,33.18,1,POWER_OVERLOAD,MARL_MAPPO_JOINT_OPT,1
23.36,baseline,mMTC,28,34.86,-89.49,10.74,247,43.0,0,NONE,NONE_UNMANAGED,1
23.36,rdl_phase1,mMTC,22,77.05,-107.13,5.55,232,36.27,1,DIRECT_PRB,QOS_BOOST_URLLC,1
23.36,rdl_phase2,mMTC,19,79.17,-98.92,4.45,51,33.19,1,POWER_OVERLOAD,MARL_MAPPO_JOINT_OPT,1
23.56,baseline,URLLC,29,48.79,-100.56,5.05,97,35.57,0,NONE,NONE_UNMANAGED,1
23.56,rdl_phase1,URLLC,31,52.64,-109.08,10.14,73,34.78,0,NONE,ALLOW_REGULAR,1
23.56,rdl_phase2,URLLC,25,89.1,-109.57,11.52,249,28.47,1,DIRECT_PRB,MARL_MAPPO_JOINT_OPT,1
23.76,baseline,eMBB,32,92.42,-75.76,15.16,93,43.0,0,NONE,NONE_UNMANAGED,1
23.76,rdl_phase1,eMBB,20,31.11,-99.46,13.34,66,31.34,0,NONE,ALLOW_REGULAR,1
23.76,rdl_phase2,eMBB,23,53.69,-93.05,3.77,114,33.19,1,POWER_OVERLOAD,MARL_MAPPO_JOINT_OPT,1
23.96,baseline,mMTC,30,67.5,-103.16,4.46,127,33.96,1,POWER_OVERLOAD,NONE_UNMANAGED,0
23.96,rdl_phase1,mMTC,34,50.39,-79.82,12.13,160,36.52,0,NONE,ALLOW_REGULAR,1
23.96,rdl_phase2,mMTC,34,30.89,-98.78,23.79,101,30.63,0,NONE,MARL_ENERGY_EFF_OPT,1
24.16,baseline,URLLC,20,97.17,-76.09,8.7,227,43.0,1,DIRECT_PRB,NONE_UNMANAGED,0
24.16,rdl_phase1,URLLC,33,82.56,-98.59,8.45,251,33.14,1,DIRECT_PRB,QOS_BOOST_URLLC,1
24.16,rdl_phase2,URLLC,18,94.57,-103.01,24.94,96,31.75,0,NONE,MARL_ENERGY_EFF_OPT,1
24.36,baseline,eMBB,32,22.15,-84.55,23.69,103,32.91,0,NONE,NONE_UNMANAGED,1
24.36,rdl_phase1,eMBB,17,85.52,-82.15,11.41,177,31.11,0,NONE,ALLOW_REGULAR,1
24.36,rdl_phase2,eMBB,24,39.36,-86.95,18.45,252,30.07,0,NONE,MARL_ENERGY_EFF_OPT,1
24.56,baseline,mMTC,29,99.26,-93.23,11.22,179,43.0,0,NONE,NONE_UNMANAGED,1
24.56,rdl_phase1,mMTC,28,63.49,-82.32,10.27,257,34.3,1,DIRECT_PRB,QOS_BOOST_URLLC,1
24.56,rdl_phase2,mMTC,17,28.75,-101.31,17.29,92,31.56,0,NONE,MARL_ENERGY_EFF_OPT,1
24.77,baseline,URLLC,16,65.06,-87.42,16.88,242,37.96,1,DIRECT_PRB,NONE_UNMANAGED,0
24.77,rdl_phase1,URLLC,18,20.84,-100.94,13.75,182,34.46,0,NONE,ALLOW_REGULAR,1
24.77,rdl_phase2,URLLC,33,37.68,-96.91,12.65,223,31.24,0,NONE,MARL_ENERGY_EFF_OPT,1
24.97,baseline,eMBB,31,32.06,-75.08,13.1,125,39.62,0,NONE,NONE_UNMANAGED,1
24.97,rdl_phase1,eMBB,18,86.51,-84.44,10.01,137,33.64,0,NONE,ALLOW_REGULAR,1
24.97,rdl_phase2,eMBB,21,61.69,-97.81,4.25,234,31.83,1,DIRECT_PRB,MARL_MAPPO_JOINT_OPT,1
25.17,baseline,mMTC,25,25.37,-108.44,18.35,55,43.0,0,NONE,NONE_UNMANAGED,1
25.17,rdl_phase1,mMTC,18,74.17,-104.25,24.63,112,34.13,0,NONE,ALLOW_REGULAR,1
25.17,rdl_phase2,mMTC,32,32.81,-90.41,24.04,109,32.39,0,NONE,MARL_ENERGY_EFF_OPT,1
25.37,baseline,URLLC,20,34.91,-86.99,11.1,238,43.0,0,NONE,NONE_UNMANAGED,1
25.37,rdl_phase1,URLLC,21,55.97,-94.97,2.1,104,31.65,1,POWER_OVERLOAD,QOS_BOOST_URLLC,1
25.37,rdl_phase2,URLLC,17,66.19,-82.02,14.35,143,29.79,0,NONE,MARL_ENERGY_EFF_OPT,1
25.57,baseline,eMBB,29,29.12,-86.53,13.26,213,33.89,0,NONE,NONE_UNMANAGED,1
25.57,rdl_phase1,eMBB,27,66.96,-97.82,21.45,208,31.38,1,DIRECT_PRB,QOS_BOOST_URLLC,1
25.57,rdl_phase2,eMBB,24,93.49,-89.34,17.46,130,28.65,0,NONE,MARL_ENERGY_EFF_OPT,1
25.77,baseline,mMTC,24,29.36,-96.93,5.25,149,31.38,0,NONE,NONE_UNMANAGED,1
25.77,rdl_phase1,mMTC,27,53.84,-92.97,14.36,215,37.45,0,NONE,ALLOW_REGULAR,1
25.77,rdl_phase2,mMTC,20,64.39,-92.86,5.23,130,32.63,0,NONE,MARL_ENERGY_EFF_OPT,1
25.97,baseline,URLLC,34,24.29,-97.43,2.22,84,33.84,1,POWER_OVERLOAD,NONE_UNMANAGED,0
25.97,rdl_phase1,URLLC,32,60.44,-92.68,17.75,156,35.68,0,NONE,ALLOW_REGULAR,1
25.97,rdl_phase2,URLLC,29,59.1,-107.11,2.71,244,29.21,1,DIRECT_PRB,MARL_MAPPO_JOINT_OPT,1
26.17,baseline,eMBB,16,41.99,-91.18,5.87,167,43.0,0,NONE,NONE_UNMANAGED,1
26.17,rdl_phase1,eMBB,30,63.98,-106.04,4.63,248,34.34,1,DIRECT_PRB,QOS_BOOST_URLLC,1
26.17,rdl_phase2,eMBB,26,63.36,-83.51,19.48,162,31.0,0,NONE,MARL_ENERGY_EFF_OPT,1
26.38,baseline,mMTC,28,28.19,-80.95,19.28,126,43.0,0,NONE,NONE_UNMANAGED,1
26.38,rdl_phase1,mMTC,16,55.98,-97.8,20.78,162,36.92,0,NONE,ALLOW_REGULAR,1
26.38,rdl_phase2,mMTC,18,82.05,-101.71,20.65,200,31.79,1,POWER_OVERLOAD,MARL_MAPPO_JOINT_OPT,1
26.58,baseline,URLLC,34,70.62,-104.19,5.2,102,43.0,0,NONE,NONE_UNMANAGED,1
26.58,rdl_phase1,URLLC,16,65.61,-91.37,15.73,93,32.59,0,NONE,ALLOW_REGULAR,1
26.58,rdl_phase2,URLLC,24,43.15,-100.64,21.73,223,32.48,0,NONE,MARL_ENERGY_EFF_OPT,1
26.78,baseline,eMBB,19,97.02,-82.5,23.13,120,43.0,0,NONE,NONE_UNMANAGED,1
26.78,rdl_phase1,eMBB,19,76.11,-105.36,5.36,132,36.63,0,NONE,ALLOW_REGULAR,1
26.78,rdl_phase2,eMBB,27,59.16,-89.79,8.18,156,30.06,0,NONE,MARL_ENERGY_EFF_OPT,1
26.98,baseline,mMTC,17,70.69,-79.2,4.14,181,43.0,1,POWER_OVERLOAD,NONE_UNMANAGED,0
26.98,rdl_phase1,mMTC,26,56.38,-92.92,15.38,272,36.19,0,NONE,ALLOW_REGULAR,1
26.98,rdl_phase2,mMTC,17,78.47,-93.95,17.28,141,32.68,0,NONE,MARL_ENERGY_EFF_OPT,1
27.18,baseline,URLLC,32,51.82,-76.12,20.97,176,38.28,0,NONE,NONE_UNMANAGED,1
27.18,rdl_phase1,URLLC,25,63.78,-105.43,21.61,251,32.75,1,DIRECT_PRB,QOS_BOOST_URLLC,1
27.18,rdl_phase2,URLLC,16,23.68,-88.08,21.24,54,28.68,0,NONE,MARL_ENERGY_EFF_OPT,1
27.38,baseline,eMBB,20,55.3,-109.98,24.03,101,43.0,0,NONE,NONE_UNMANAGED,1
27.38,rdl_phase1,eMBB,19,90.57,-99.43,22.11,120,30.75,0,NONE,ALLOW_REGULAR,1
27.38,rdl_phase2,eMBB,26,40.03,-96.99,22.79,92,28.28,0,NONE,MARL_ENERGY_EFF_OPT,1
27.58,baseline,mMTC,24,78.08,-83.57,11.87,73,43.0,0,NONE,NONE_UNMANAGED,1
27.58,rdl_phase1,mMTC,15,37.07,-107.27,15.65,182,35.44,0,NONE,ALLOW_REGULAR,1
27.58,rdl_phase2,mMTC,15,20.65,-97.97,4.77,270,30.32,1,DIRECT_PRB,MARL_MAPPO_JOINT_OPT,1
27.79,baseline,URLLC,19,58.22,-101.99,4.05,256,33.13,1,DIRECT_PRB,NONE_UNMANAGED,0
27.79,rdl_phase1,URLLC,24,30.97,-82.93,19.32,84,35.13,0,NONE,ALLOW_REGULAR,1
27.79,rdl_phase2,URLLC,19,25.47,-90.28,16.04,92,30.42,0,NONE,MARL_ENERGY_EFF_OPT,1
27.99,baseline,eMBB,21,70.25,-104.7,11.47,225,32.17,1,DIRECT_PRB,NONE_UNMANAGED,0
27.99,rdl_phase1,eMBB,18,31.2,-105.69,18.79,139,37.71,0,NONE,ALLOW_REGULAR,1
27.99,rdl_phase2,eMBB,25,83.29,-101.33,16.83,113,31.04,0,NONE,MARL_ENERGY_EFF_OPT,1
28.19,baseline,mMTC,34,77.69,-100.03,23.65,56,43.0,0,NONE,NONE_UNMANAGED,1
28.19,rdl_phase1,mMTC,24,36.44,-88.76,6.34,150,32.36,0,NONE,ALLOW_REGULAR,1
28.19,rdl_phase2,mMTC,16,82.7,-82.22,7.5,148,28.62,0,NONE,MARL_ENERGY_EFF_OPT,1
28.39,baseline,URLLC,30,71.05,-107.51,22.44,53,43.0,0,NONE,NONE_UNMANAGED,1
28.39,rdl_phase1,URLLC,25,30.56,-79.87,15.07,143,34.37,0,NONE,ALLOW_REGULAR,1
28.39,rdl_phase2,URLLC,20,81.02,-76.59,19.72,54,31.23,0,NONE,MARL_ENERGY_EFF_OPT,1
28.59,baseline,eMBB,15,40.97,-108.61,3.39,252,32.86,1,DIRECT_PRB,NONE_UNMANAGED,0
28.59,rdl_phase1,eMBB,31,81.37,-95.17,11.25,213,34.29,1,DIRECT_PRB,QOS_BOOST_URLLC,1
28.59,rdl_phase2,eMBB,34,32.21,-107.07,3.82,102,33.36,1,POWER_OVERLOAD,MARL_MAPPO_JOINT_OPT,1
28.79,baseline,mMTC,19,62.91,-96.32,16.59,263,43.0,1,DIRECT_PRB,NONE_UNMANAGED,0
28.79,rdl_phase1,mMTC,17,44.81,-94.69,23.93,111,30.46,0,NONE,ALLOW_REGULAR,1
28.79,rdl_phase2,mMTC,17,93.97,-105.94,16.08,64,29.7,0,NONE,MARL_ENERGY_EFF_OPT,1
28.99,baseline,URLLC,20,29.56,-85.22,18.13,91,33.47,0,NONE,NONE_UNMANAGED,1
28.99,rdl_phase1,URLLC,31,82.64,-84.77,5.84,82,36.0,0,NONE,ALLOW_REGULAR,1
28.99,rdl_phase2,URLLC,23,78.63,-105.87,22.7,135,32.44,0,NONE,MARL_ENERGY_EFF_OPT,1
29.19,baseline,eMBB,23,61.91,-100.8,24.43,210,34.55,1,DIRECT_PRB,NONE_UNMANAGED,0
29.19,rdl_phase1,eMBB,26,24.44,-79.92,5.84,90,32.04,0,NONE,ALLOW_REGULAR,1
29.19,rdl_phase2,eMBB,18,91.54,-86.41,4.65,239,30.8,1,DIRECT_PRB,MARL_MAPPO_JOINT_OPT,1
29.4,baseline,mMTC,16,88.7,-109.57,3.06,143,31.5,1,POWER_OVERLOAD,NONE_UNMANAGED,0
29.4,rdl_phase1,mMTC,16,64.23,-78.01,19.04,157,31.8,0,NONE,ALLOW_REGULAR,1
29.4,rdl_phase2,mMTC,22,53.3,-84.79,8.24,69,31.14,0,NONE,MARL_ENERGY_EFF_OPT,1
29.6,baseline,URLLC,18,60.16,-78.43,6.12,255,43.0,1,DIRECT_PRB,NONE_UNMANAGED,0
29.6,rdl_phase1,URLLC,16,96.33,-107.59,12.7,122,36.19,0,NONE,ALLOW_REGULAR,1
29.6,rdl_phase2,URLLC,24,46.18,-90.64,2.18,101,29.6,1,POWER_OVERLOAD,MARL_MAPPO_JOINT_OPT,1
29.8,baseline,eMBB,24,79.17,-101.51,10.47,176,43.0,0,NONE,NONE_UNMANAGED,1
29.8,rdl_phase1,eMBB,21,78.6,-90.87,20.31,88,30.05,0,NONE,ALLOW_REGULAR,1
29.8,rdl_phase2,eMBB,28,21.91,-91.05,16.63,227,32.82,0,NONE,MARL_ENERGY_EFF_OPT,1
30.0,baseline,mMTC,25,20.12,-86.99,21.53,236,32.05,0,NONE,NONE_UNMANAGED,1
30.0,rdl_phase1,mMTC,22,53.59,-76.36,24.37,86,35.69,0,NONE,ALLOW_REGULAR,1
30.0,rdl_phase2,mMTC,17,23.51,-101.9,21.45,155,31.85,0,NONE,MARL_ENERGY_EFF_OPT,1
